roof_id,imageURL,photos_folder,annotation,annotation_time
2293,1b030032-2858-6345-6e1c-2712c82ada11.png,large_photos-0K_5K-api_upload,1,2022_05_24-16_29_47
3627,177f029f-9b36-944d-c756-2b64aff63824.png,large_photos-0K_5K-api_upload,0,2022_05_24-16_32_28
7777,023838fe-4669-f540-7edc-7769c96ee8aa.png,large_photos-0K_5K-api_upload,0,2022_05_24-16_33_06
10508,36644bf9-d8bf-1309-74af-1e22b8059f8c.png,large_photos-0K_5K-api_upload,0,2022_05_24-16_33_14
10509,36644bf9-d8bf-1309-74af-1e22b8059f8c.png,large_photos-0K_5K-api_upload,0,2022_05_24-16_33_19
10510,36644bf9-d8bf-1309-74af-1e22b8059f8c.png,large_photos-0K_5K-api_upload,0,2022_05_24-16_33_23
10511,36644bf9-d8bf-1309-74af-1e22b8059f8c.png,large_photos-0K_5K-api_upload,0,2022_05_24-16_33_27
10538,36644bf9-d8bf-1309-74af-1e22b8059f8c.png,large_photos-0K_5K-api_upload,0,2022_05_24-16_33_31
12537,098e3a34-044a-c4c2-f97a-36ee1e86dfa4.png,large_photos-0K_5K-api_upload,0,2022_05_24-16_33_35
12553,2907388a-98a3-f16f-8fc9-9d3e9305ddc4.png,large_photos-0K_5K-api_upload,0,2022_05_24-16_33_41
12597,21de3eb3-17b6-76e5-0bb1-dbfdd53bee1a.png,large_photos-0K_5K-api_upload,0,2022_05_24-16_33_45
12598,21de3eb3-17b6-76e5-0bb1-dbfdd53bee1a.png,large_photos-0K_5K-api_upload,0,2022_05_24-16_33_51
12946,19b28598-f6b6-7bfd-6547-1603eaa257da.png,large_photos-0K_5K-api_upload,1,2022_05_24-16_35_03
13819,05f13727-57e1-8364-059e-afd2de283f62.png,large_photos-0K_5K-api_upload,1,2022_05_24-16_35_15
14199,09a77aa3-bee5-1461-525b-702bddd53f3b.png,large_photos-0K_5K-api_upload,0,2022_05_24-16_35_21
14396,044e4f5e-4a9d-0562-2147-bf03bde7cdb8.png,large_photos-0K_5K-api_upload,0,2022_05_24-16_35_39
14770,2f5c29bb-c597-b3fc-0407-ea96318dd220.png,large_photos-0K_5K-api_upload,0,2022_05_24-16_35_53
14771,2f5c29bb-c597-b3fc-0407-ea96318dd220.png,large_photos-0K_5K-api_upload,0,2022_05_24-16_35_58
14809,1255b0d3-142e-28ed-8922-cbcfaad19ddb.png,large_photos-0K_5K-api_upload,1,2022_05_24-16_36_04
15075,29aa41bc-59a4-a1d9-ee52-d9a1e62c3ea1.png,large_photos-0K_5K-api_upload,0,2022_05_24-16_36_12
15143,260053de-8b09-bb7f-8748-f63689bd9cf2.png,large_photos-0K_5K-api_upload,1,2022_05_24-16_36_31
15172,1107040f-47be-7e4b-f897-53d8b7e926fe.png,large_photos-0K_5K-api_upload,0,2022_05_24-16_36_39
15437,1b433bfe-95e5-4295-08ee-47af2929182f.png,large_photos-0K_5K-api_upload,1,2022_05_24-16_37_19
15679,0b5712cd-ad48-9271-f562-19b81330dd62.png,large_photos-0K_5K-api_upload,1,2022_05_24-16_37_26
16380,2a740855-582e-71fb-7341-13517acc736d.png,large_photos-0K_5K-api_upload,0,2022_05_24-16_37_33
16506,225de3c1-3346-9cdf-b8a9-a23ade802a0a.png,large_photos-0K_5K-api_upload,1,2022_05_24-16_37_39
16582,11125109-f5fb-8815-ebf6-c939969faf98.png,large_photos-0K_5K-api_upload,0,2022_05_24-16_37_46
16764,2a740855-582e-71fb-7341-13517acc736d.png,large_photos-0K_5K-api_upload,0,2022_05_24-16_38_22
17195,05ae1f10-48b8-6552-bdb6-593fa6c07ad4.png,large_photos-0K_5K-api_upload,0,2022_05_24-16_39_29
17235,304625d9-d52f-1587-2189-cf8c081b7da3.png,large_photos-0K_5K-api_upload,0,2022_05_24-16_39_36
17667,11bf95ca-3468-96ae-d8ae-7b7fd212598e.png,large_photos-0K_5K-api_upload,1,2022_05_24-16_39_46
17839,1ec19234-876d-1886-35b4-4048803570b5.png,large_photos-0K_5K-api_upload,1,2022_05_24-16_39_52
18265,368756c8-6f4a-9b55-5bee-3135fd9809f5.png,large_photos-0K_5K-api_upload,1,2022_05_24-16_40_05
18266,368756c8-6f4a-9b55-5bee-3135fd9809f5.png,large_photos-0K_5K-api_upload,1,2022_05_24-16_40_10
18267,368756c8-6f4a-9b55-5bee-3135fd9809f5.png,large_photos-0K_5K-api_upload,1,2022_05_24-16_40_15
18268,368756c8-6f4a-9b55-5bee-3135fd9809f5.png,large_photos-0K_5K-api_upload,1,2022_05_24-16_40_19
18269,368756c8-6f4a-9b55-5bee-3135fd9809f5.png,large_photos-0K_5K-api_upload,0,2022_05_24-16_40_26
18270,368756c8-6f4a-9b55-5bee-3135fd9809f5.png,large_photos-0K_5K-api_upload,0,2022_05_24-16_40_33
18271,368756c8-6f4a-9b55-5bee-3135fd9809f5.png,large_photos-0K_5K-api_upload,1,2022_05_24-16_41_22
18386,357ee30d-902d-eec7-c6a3-dd244154c131.png,large_photos-0K_5K-api_upload,0,2022_05_24-16_41_31
18387,357ee30d-902d-eec7-c6a3-dd244154c131.png,large_photos-0K_5K-api_upload,0,2022_05_24-16_41_38
18590,026c6362-5f75-d048-fcbd-0dfb6f39805b.png,large_photos-0K_5K-api_upload,1,2022_05_24-16_41_50
18740,26ee6737-1689-04db-e916-fdf0c9c8c509.png,large_photos-0K_5K-api_upload,0,2022_05_24-16_41_57
18885,2a0456db-5b30-31b8-9f35-f484063ef47a.png,large_photos-0K_5K-api_upload,1,2022_05_24-16_42_04
18982,2e7ea90a-426b-03df-8863-09336082f104.png,large_photos-0K_5K-api_upload,1,2022_05_24-16_42_22
19231,3377be85-2036-baa7-cc4f-598b094dc54d.png,large_photos-0K_5K-api_upload,0,2022_05_24-16_42_29
19542,05cfa62c-b78e-ec47-c011-5f56209f6d3f.png,large_photos-0K_5K-api_upload,1,2022_05_24-16_42_38
19666,00aeef63-ff53-9ac7-ea44-6794245d55e4.png,large_photos-0K_5K-api_upload,0,2022_05_24-16_42_44
20111,2685044b-5d9a-7f5b-1d4d-eff2adcf788d.png,large_photos-0K_5K-api_upload,1,2022_05_24-16_43_06
20583,09a77aa3-bee5-1461-525b-702bddd53f3b.png,large_photos-0K_5K-api_upload,0,2022_05_24-16_43_20
20602,2a1ca7f6-4e17-997b-c20a-4a142fab49ee.png,large_photos-0K_5K-api_upload,0,2022_05_24-16_44_14
20644,005a55c3-c607-9509-e389-490bc77bbe6c.png,large_photos-0K_5K-api_upload,0,2022_05_24-16_44_19
21071,1ec19234-876d-1886-35b4-4048803570b5.png,large_photos-0K_5K-api_upload,1,2022_05_24-16_44_26
21435,0bef9d4a-b928-3940-3ad9-723c115fd282.png,large_photos-0K_5K-api_upload,0,2022_05_24-16_44_35
21436,0bef9d4a-b928-3940-3ad9-723c115fd282.png,large_photos-0K_5K-api_upload,0,2022_05_24-16_44_42
21840,124b14a3-273c-1629-28d9-898bc7a0445f.png,large_photos-0K_5K-api_upload,0,2022_05_24-16_44_50
21841,124b14a3-273c-1629-28d9-898bc7a0445f.png,large_photos-0K_5K-api_upload,0,2022_05_24-16_44_54
21842,124b14a3-273c-1629-28d9-898bc7a0445f.png,large_photos-0K_5K-api_upload,0,2022_05_24-16_44_59
21843,124b14a3-273c-1629-28d9-898bc7a0445f.png,large_photos-0K_5K-api_upload,0,2022_05_24-16_45_03
21845,124b14a3-273c-1629-28d9-898bc7a0445f.png,large_photos-0K_5K-api_upload,0,2022_05_24-16_45_07
21849,124b14a3-273c-1629-28d9-898bc7a0445f.png,large_photos-0K_5K-api_upload,0,2022_05_24-16_45_31
21850,124b14a3-273c-1629-28d9-898bc7a0445f.png,large_photos-0K_5K-api_upload,0,2022_05_24-16_45_37
21851,124b14a3-273c-1629-28d9-898bc7a0445f.png,large_photos-0K_5K-api_upload,0,2022_05_24-16_45_41
21950,26b8df7f-7298-1295-20cb-65ddec86a63e.png,large_photos-0K_5K-api_upload,0,2022_05_24-16_45_46
22012,37685542-d65d-4d65-899f-d5a11ac39cd6.png,large_photos-0K_5K-api_upload,0,2022_05_24-16_46_46
22047,3343bef6-aa36-b79a-bdad-5f8869d3fdcc.png,large_photos-0K_5K-api_upload,0,2022_05_24-16_46_54
22409,2901e6c8-e0cc-88f8-dcd9-939bfb86c441.png,large_photos-0K_5K-api_upload,0,2022_05_24-16_47_02
22483,33575e5f-0925-2c80-b0a9-7be20764054d.png,large_photos-0K_5K-api_upload,0,2022_05_24-16_47_08
22601,2ad03b13-35a5-db27-6b0d-56be9e0c801f.png,large_photos-0K_5K-api_upload,1,2022_05_24-16_47_20
22602,2ad03b13-35a5-db27-6b0d-56be9e0c801f.png,large_photos-0K_5K-api_upload,0,2022_05_24-16_47_31
22783,22c966d0-f2c2-9fab-584f-287f19fd7003.png,large_photos-0K_5K-api_upload,0,2022_05_24-16_47_36
22874,1c7f228b-11b8-b345-2c09-664b8b2ec5e2.png,large_photos-0K_5K-api_upload,0,2022_05_24-16_47_42
22875,1c7f228b-11b8-b345-2c09-664b8b2ec5e2.png,large_photos-0K_5K-api_upload,0,2022_05_24-16_47_46
22876,1c7f228b-11b8-b345-2c09-664b8b2ec5e2.png,large_photos-0K_5K-api_upload,0,2022_05_24-16_47_50
23228,2daf819d-ba0f-0e69-3086-004949af95eb.png,large_photos-0K_5K-api_upload,1,2022_05_24-16_48_02
23376,2836abfe-3e07-7d45-4255-319877b0c7db.png,large_photos-0K_5K-api_upload,0,2022_05_24-16_48_10
23377,2836abfe-3e07-7d45-4255-319877b0c7db.png,large_photos-0K_5K-api_upload,0,2022_05_24-16_48_15
23378,2836abfe-3e07-7d45-4255-319877b0c7db.png,large_photos-0K_5K-api_upload,0,2022_05_24-16_48_19
24301,0ed7648e-1105-3f2e-2279-726517d21fd9.png,large_photos-0K_5K-api_upload,0,2022_05_24-16_48_24
24516,328d6a9e-b48b-dd65-6f58-01cdbb7173a8.png,large_photos-0K_5K-api_upload,1,2022_05_24-16_48_34
24517,328d6a9e-b48b-dd65-6f58-01cdbb7173a8.png,large_photos-0K_5K-api_upload,1,2022_05_24-16_48_38
24580,1f0f6e77-668d-bb32-ab6d-d37f0586f961.png,large_photos-0K_5K-api_upload,0,2022_05_24-16_48_46
24703,124b14a3-273c-1629-28d9-898bc7a0445f.png,large_photos-0K_5K-api_upload,0,2022_05_24-16_48_51
24704,124b14a3-273c-1629-28d9-898bc7a0445f.png,large_photos-0K_5K-api_upload,0,2022_05_24-16_48_55
24705,124b14a3-273c-1629-28d9-898bc7a0445f.png,large_photos-0K_5K-api_upload,0,2022_05_24-16_48_59
24706,124b14a3-273c-1629-28d9-898bc7a0445f.png,large_photos-0K_5K-api_upload,0,2022_05_24-16_49_03
24708,124b14a3-273c-1629-28d9-898bc7a0445f.png,large_photos-0K_5K-api_upload,0,2022_05_24-16_49_07
24712,124b14a3-273c-1629-28d9-898bc7a0445f.png,large_photos-0K_5K-api_upload,0,2022_05_24-16_49_11
24713,124b14a3-273c-1629-28d9-898bc7a0445f.png,large_photos-0K_5K-api_upload,0,2022_05_24-16_49_15
24714,124b14a3-273c-1629-28d9-898bc7a0445f.png,large_photos-0K_5K-api_upload,0,2022_05_24-16_49_19
24929,2c4ece68-026a-044f-08f5-4db191fc272a.png,large_photos-0K_5K-api_upload,1,2022_05_24-16_49_52
25131,34de2d86-a5d0-8dcd-43c2-9434e495a560.png,large_photos-0K_5K-api_upload,0,2022_05_24-16_49_59
25203,1f9ad992-9e0c-9c57-3e81-a735c149099f.png,large_photos-0K_5K-api_upload,1,2022_05_24-16_50_08
25436,1eb45a53-247b-1095-d00b-50823a1c4c6e.png,large_photos-0K_5K-api_upload,0,2022_05_24-16_50_19
25437,1eb45a53-247b-1095-d00b-50823a1c4c6e.png,large_photos-0K_5K-api_upload,0,2022_05_24-16_50_24
25438,1eb45a53-247b-1095-d00b-50823a1c4c6e.png,large_photos-0K_5K-api_upload,0,2022_05_24-16_50_31
25818,31f2d21c-93eb-2016-3cf6-87592779bd05.png,large_photos-0K_5K-api_upload,0,2022_05_24-16_50_56
25921,1d146ab0-5d56-36a0-796c-5f9e67bff938.png,large_photos-0K_5K-api_upload,0,2022_05_24-16_51_01
26783,396c2634-7663-522e-f50b-4d0ef3fa372c.png,large_photos-0K_5K-api_upload,1,2022_05_24-16_51_08
26852,3381b09c-e867-dd95-8453-f37452d1e590.png,large_photos-0K_5K-api_upload,0,2022_05_24-16_51_18
26855,3343bef6-aa36-b79a-bdad-5f8869d3fdcc.png,large_photos-0K_5K-api_upload,0,2022_05_24-16_51_24
26900,0322a520-3a03-2fe0-aec4-79891d39ce3a.png,large_photos-0K_5K-api_upload,0,2022_05_24-16_51_36
27023,0fe508c2-a37e-f7de-33da-6912a790219e.png,large_photos-0K_5K-api_upload,1,2022_05_24-16_51_43
27024,0fe508c2-a37e-f7de-33da-6912a790219e.png,large_photos-0K_5K-api_upload,1,2022_05_24-16_51_48
27250,0c5a133a-25f5-e66e-a156-2cb09858b06a.png,large_photos-0K_5K-api_upload,0,2022_05_24-16_51_56
27251,0c5a133a-25f5-e66e-a156-2cb09858b06a.png,large_photos-0K_5K-api_upload,0,2022_05_24-16_52_04
27252,0c5a133a-25f5-e66e-a156-2cb09858b06a.png,large_photos-0K_5K-api_upload,0,2022_05_24-16_52_09
27253,0c5a133a-25f5-e66e-a156-2cb09858b06a.png,large_photos-0K_5K-api_upload,0,2022_05_24-16_52_14
27254,0c5a133a-25f5-e66e-a156-2cb09858b06a.png,large_photos-0K_5K-api_upload,0,2022_05_24-16_52_18
27255,0c5a133a-25f5-e66e-a156-2cb09858b06a.png,large_photos-0K_5K-api_upload,0,2022_05_24-16_52_22
27256,0c5a133a-25f5-e66e-a156-2cb09858b06a.png,large_photos-0K_5K-api_upload,0,2022_05_24-16_52_27
27257,0c5a133a-25f5-e66e-a156-2cb09858b06a.png,large_photos-0K_5K-api_upload,0,2022_05_24-16_52_31
27258,0c5a133a-25f5-e66e-a156-2cb09858b06a.png,large_photos-0K_5K-api_upload,0,2022_05_24-16_52_36
27403,2d5820ad-c08f-dd91-c164-d82bcfd0d25a.png,large_photos-0K_5K-api_upload,1,2022_05_24-16_52_42
27404,2d5820ad-c08f-dd91-c164-d82bcfd0d25a.png,large_photos-0K_5K-api_upload,1,2022_05_24-16_52_48
27405,2d5820ad-c08f-dd91-c164-d82bcfd0d25a.png,large_photos-0K_5K-api_upload,1,2022_05_24-16_53_05
27407,2d5820ad-c08f-dd91-c164-d82bcfd0d25a.png,large_photos-0K_5K-api_upload,1,2022_05_24-16_53_45
27459,2d5820ad-c08f-dd91-c164-d82bcfd0d25a.png,large_photos-0K_5K-api_upload,1,2022_05_24-16_53_51
27460,2d5820ad-c08f-dd91-c164-d82bcfd0d25a.png,large_photos-0K_5K-api_upload,1,2022_05_24-16_54_07
27461,2d5820ad-c08f-dd91-c164-d82bcfd0d25a.png,large_photos-0K_5K-api_upload,1,2022_05_24-16_54_17
27560,1290af32-d1d3-4979-5630-4bc066069bdc.png,large_photos-0K_5K-api_upload,0,2022_05_24-16_54_24
27792,0e56458a-6504-d7b3-e596-cfc11c233483.png,large_photos-0K_5K-api_upload,0,2022_05_24-16_54_39
28102,1d773851-2700-f674-5973-0301126dd674.png,large_photos-0K_5K-api_upload,0,2022_05_24-16_54_44
28103,1d773851-2700-f674-5973-0301126dd674.png,large_photos-0K_5K-api_upload,0,2022_05_24-16_54_49
28175,1d773851-2700-f674-5973-0301126dd674.png,large_photos-0K_5K-api_upload,0,2022_05_24-16_54_53
28176,1d773851-2700-f674-5973-0301126dd674.png,large_photos-0K_5K-api_upload,0,2022_05_24-16_54_57
28419,1d773851-2700-f674-5973-0301126dd674.png,large_photos-0K_5K-api_upload,0,2022_05_24-16_55_01
28420,1d773851-2700-f674-5973-0301126dd674.png,large_photos-0K_5K-api_upload,0,2022_05_24-16_55_05
28435,1d773851-2700-f674-5973-0301126dd674.png,large_photos-0K_5K-api_upload,0,2022_05_24-16_55_09
28436,1d773851-2700-f674-5973-0301126dd674.png,large_photos-0K_5K-api_upload,0,2022_05_24-16_55_13
28515,1d773851-2700-f674-5973-0301126dd674.png,large_photos-0K_5K-api_upload,0,2022_05_24-16_55_17
28516,1d773851-2700-f674-5973-0301126dd674.png,large_photos-0K_5K-api_upload,0,2022_05_24-16_55_21
28658,28b3fde6-d161-984f-7435-e8c4d2596b64.png,large_photos-0K_5K-api_upload,1,2022_05_24-16_55_27
29099,0ba41e36-a083-2cf8-1692-efef2b96875a.png,large_photos-0K_5K-api_upload,0,2022_05_24-16_57_58
29150,0ec75ac4-0907-602a-e23f-c5a72a97b845.png,large_photos-0K_5K-api_upload,0,2022_05_24-16_58_03
29332,17446e45-9239-8f40-2476-b0ce270a1e54.png,large_photos-0K_5K-api_upload,0,2022_05_24-16_58_10
29356,259922f0-c4ec-0542-8a03-c49ca690b3b4.png,large_photos-0K_5K-api_upload,0,2022_05_24-16_58_21
29700,144a4274-3fbe-a2df-222d-c0efb2824739.png,large_photos-0K_5K-api_upload,1,2022_05_24-16_58_28
29805,2aaeb8df-dcf9-8624-de68-debaa24bc7ba.png,large_photos-0K_5K-api_upload,0,2022_05_24-16_58_36
29809,2aaeb8df-dcf9-8624-de68-debaa24bc7ba.png,large_photos-0K_5K-api_upload,0,2022_05_24-16_58_41
30083,2aaeb8df-dcf9-8624-de68-debaa24bc7ba.png,large_photos-0K_5K-api_upload,0,2022_05_24-16_58_47
30257,06a00d74-78d4-38eb-d13e-532d1ec00392.png,large_photos-0K_5K-api_upload,0,2022_05_24-16_58_52
30258,06a00d74-78d4-38eb-d13e-532d1ec00392.png,large_photos-0K_5K-api_upload,0,2022_05_24-16_58_56
30259,06a00d74-78d4-38eb-d13e-532d1ec00392.png,large_photos-0K_5K-api_upload,0,2022_05_24-16_59_01
30445,217fe9ec-b967-c308-dc67-b1b2efb5dfcd.png,large_photos-0K_5K-api_upload,1,2022_05_24-16_59_07
30492,382d32ff-78cd-8c44-bd3b-451d05016d24.png,large_photos-0K_5K-api_upload,1,2022_05_24-16_59_14
30699,38155aee-c73a-699d-28da-f5c46bb99582.png,large_photos-0K_5K-api_upload,0,2022_05_24-16_59_33
31165,37955969-d68e-6661-9860-3139b410564e.png,large_photos-0K_5K-api_upload,0,2022_05_24-17_00_41
31437,339fbb00-ae21-b1d2-57fc-4cb5b8007d80.png,large_photos-0K_5K-api_upload,1,2022_05_24-17_00_53
31789,30a545d6-91ae-ee58-5d27-75cb57ef21c2.png,large_photos-0K_5K-api_upload,0,2022_05_24-17_01_10
31889,23a28056-2618-5bee-ab5f-8c9142d03ef2.png,large_photos-0K_5K-api_upload,0,2022_05_24-17_01_15
31947,14f46d16-0d59-0ba2-3d81-429b56f9daf5.png,large_photos-0K_5K-api_upload,1,2022_05_24-17_01_26
31955,34c44a73-d599-8923-0c87-f337f08e3d17.png,large_photos-0K_5K-api_upload,1,2022_05_24-17_01_33
32159,2bb21d58-7118-24e4-9892-716abd6b7f78.png,large_photos-0K_5K-api_upload,1,2022_05_24-17_01_38
32334,0ef2bced-3635-6f81-1689-b75b80352abc.png,large_photos-0K_5K-api_upload,0,2022_05_24-17_01_44
32351,00ecb0b1-cef7-a8f3-a14b-338e5b5276fc.png,large_photos-0K_5K-api_upload,0,2022_05_24-17_01_54
32352,00ecb0b1-cef7-a8f3-a14b-338e5b5276fc.png,large_photos-0K_5K-api_upload,0,2022_05_24-17_01_59
32360,15ddcad9-5455-2635-20be-8d1da2c43d24.png,large_photos-0K_5K-api_upload,0,2022_05_24-17_02_03
32480,22ac3a7e-1dc8-dea7-cc75-926edabdb836.png,large_photos-0K_5K-api_upload,0,2022_05_24-17_02_09
32481,22ac3a7e-1dc8-dea7-cc75-926edabdb836.png,large_photos-0K_5K-api_upload,0,2022_05_24-17_02_13
32975,2af89f3b-9bf4-9f78-0931-ea3f3cfeeae4.png,large_photos-0K_5K-api_upload,0,2022_05_24-17_02_18
32983,1d146ab0-5d56-36a0-796c-5f9e67bff938.png,large_photos-0K_5K-api_upload,0,2022_05_24-17_02_23
33246,1de6c1e7-3cc8-0465-2a36-83c2a4e0a9aa.png,large_photos-0K_5K-api_upload,1,2022_05_24-17_02_28
33321,328bf517-0650-b768-452c-b2403e10b307.png,large_photos-0K_5K-api_upload,0,2022_05_24-17_02_35
33414,09a77aa3-bee5-1461-525b-702bddd53f3b.png,large_photos-0K_5K-api_upload,0,2022_05_24-17_02_39
33522,2b83aba3-86aa-bc35-869b-e5c9a3d594e9.png,large_photos-0K_5K-api_upload,0,2022_05_24-17_02_46
33627,298b910f-6d28-acf8-bdb2-ce2e125f20a6.png,large_photos-0K_5K-api_upload,1,2022_05_24-17_02_52
33847,217fe9ec-b967-c308-dc67-b1b2efb5dfcd.png,large_photos-0K_5K-api_upload,1,2022_05_24-17_02_59
34110,0e2f4e12-a3a7-c106-5474-0e1265d5989c.png,large_photos-0K_5K-api_upload,1,2022_05_24-17_03_04
34394,01c05aed-8848-1987-4098-ce40243d1e2d.png,large_photos-0K_5K-api_upload,0,2022_05_24-17_18_16
34555,0f1b5a0b-3d19-c9bd-8b16-1665339321d7.png,large_photos-0K_5K-api_upload,1,2022_05_24-17_18_22
34688,39049052-64a4-f829-81be-7a07be8082ff.png,large_photos-0K_5K-api_upload,1,2022_05_24-17_19_16
35130,16d8d828-6b80-2a47-d4ad-223c6dd6448a.png,large_photos-0K_5K-api_upload,0,2022_05_24-17_19_32
35233,123c8671-4a7d-6ca2-f430-7554cc63c392.png,large_photos-0K_5K-api_upload,0,2022_05_24-17_19_41
35343,28729fb2-cc7e-f620-0312-4c9abf7c325c.png,large_photos-0K_5K-api_upload,0,2022_05_24-17_19_46
35371,3079e2df-8a96-e4c3-6aae-344666e04499.png,large_photos-0K_5K-api_upload,1,2022_05_24-17_19_52
35570,02abe46f-cd48-2d0a-4368-69bcd6613deb.png,large_photos-0K_5K-api_upload,0,2022_05_24-17_19_58
35622,35c2e98b-74dc-294b-1b3a-4efe524fb7d7.png,large_photos-0K_5K-api_upload,0,2022_05_24-17_20_03
35716,39561d42-b708-d822-092f-ec450cc62c75.png,large_photos-0K_5K-api_upload,0,2022_05_24-17_20_11
35717,39561d42-b708-d822-092f-ec450cc62c75.png,large_photos-0K_5K-api_upload,1,2022_05_24-17_20_17
35873,1d146ab0-5d56-36a0-796c-5f9e67bff938.png,large_photos-0K_5K-api_upload,0,2022_05_24-17_32_20
36050,28729fb2-cc7e-f620-0312-4c9abf7c325c.png,large_photos-0K_5K-api_upload,0,2022_05_24-17_32_26
36643,1db0cb6f-aecd-e436-db36-99ece4d3cb28.png,large_photos-0K_5K-api_upload,0,2022_05_24-17_32_45
36846,109508f3-3381-cfa0-696c-9cd98f2ebfe0.png,large_photos-0K_5K-api_upload,1,2022_05_24-17_32_50
37512,008db888-386e-63eb-874b-2e9b3ea3c5bc.png,large_photos-0K_5K-api_upload,1,2022_05_24-17_32_56
37615,014eb29c-ccd4-9031-9499-99c85660cf93.png,large_photos-0K_5K-api_upload,0,2022_05_24-17_33_02
37735,252c4bc8-ddc4-39ce-41d5-e9a23ef7b989.png,large_photos-0K_5K-api_upload,0,2022_05_24-17_33_07
37893,00c7ec35-a976-49b2-ad67-db8fe046aa72.png,large_photos-0K_5K-api_upload,0,2022_05_24-17_33_12
38507,2247e1c7-dd98-7fa5-3049-476e9de730e4.png,large_photos-0K_5K-api_upload,0,2022_05_24-17_33_19
38595,28b3fde6-d161-984f-7435-e8c4d2596b64.png,large_photos-0K_5K-api_upload,1,2022_05_24-17_33_25
38766,1009aa68-2f54-df25-4455-992d4fcffea4.png,large_photos-0K_5K-api_upload,1,2022_05_24-17_33_31
39191,0bec383a-9b45-e6b4-eef0-907920d3adfa.png,large_photos-0K_5K-api_upload,0,2022_05_24-17_33_38
39411,2ffb0c82-f517-7763-2838-4a2f699e7acc.png,large_photos-0K_5K-api_upload,1,2022_05_24-17_35_40
39419,0fdd0c5f-fa92-59bf-c4ef-2b34a55bfb97.png,large_photos-0K_5K-api_upload,0,2022_05_24-17_36_03
39537,2a76111e-6d86-9bd4-123c-3b94ce493781.png,large_photos-0K_5K-api_upload,0,2022_05_24-17_36_08
39598,12b36eb4-7ee9-7ef5-30ce-fa3dc446fa55.png,large_photos-0K_5K-api_upload,0,2022_05_24-17_36_19
39818,00ddea12-043d-4023-1c82-3332eef90e55.png,large_photos-0K_5K-api_upload,1,2022_05_24-17_36_31
40057,296ee10c-66f2-6736-b379-ed6e8be6d1ae.png,large_photos-0K_5K-api_upload,0,2022_05_24-17_36_39
40546,233719b0-dac5-cc69-ce2f-4eb263aea9ba.png,large_photos-0K_5K-api_upload,0,2022_05_24-17_36_45
41657,2f863dc2-4624-e4dc-805a-12e4ed60cc57.png,large_photos-0K_5K-api_upload,0,2022_05_24-17_37_03
41889,11a9c38d-4ffe-ea65-464b-7a3b600e680e.png,large_photos-0K_5K-api_upload,0,2022_05_24-17_37_15
42249,06838eab-3926-8e27-8d9b-298837bea38d.png,large_photos-0K_5K-api_upload,0,2022_05_24-17_37_21
42351,009b29e3-9da4-a504-8359-6701512cd960.png,large_photos-0K_5K-api_upload,0,2022_05_24-17_37_25
42612,2f863dc2-4624-e4dc-805a-12e4ed60cc57.png,large_photos-0K_5K-api_upload,0,2022_05_24-17_37_30
42620,1c2925a9-5f9b-ce35-1a45-2f717d9468f5.png,large_photos-0K_5K-api_upload,0,2022_05_24-17_37_35
42621,1c2925a9-5f9b-ce35-1a45-2f717d9468f5.png,large_photos-0K_5K-api_upload,0,2022_05_24-17_37_39
42907,14dca17f-c817-cb47-9581-d8f981967d85.png,large_photos-0K_5K-api_upload,1,2022_05_24-17_37_46
42912,14dca17f-c817-cb47-9581-d8f981967d85.png,large_photos-0K_5K-api_upload,1,2022_05_24-17_37_51
43214,160abdea-7d40-ad32-d509-2949e0664dd3.png,large_photos-0K_5K-api_upload,0,2022_05_24-17_37_59
43794,296ee10c-66f2-6736-b379-ed6e8be6d1ae.png,large_photos-0K_5K-api_upload,0,2022_05_24-17_38_05
44096,3851a13a-8546-0014-64b5-a3db7925a2a3.png,large_photos-0K_5K-api_upload,0,2022_05_24-17_38_11
44097,3851a13a-8546-0014-64b5-a3db7925a2a3.png,large_photos-0K_5K-api_upload,0,2022_05_24-17_38_15
44346,100e8670-400e-4ffb-f79a-6228b671b246.png,large_photos-0K_5K-api_upload,0,2022_05_24-17_38_24
44931,13d19638-e8be-9eaa-2eda-48d7bfe18e7d.png,large_photos-0K_5K-api_upload,0,2022_05_24-17_38_31
45053,10da43ee-1807-755c-b3ca-a7e053408de5.png,large_photos-0K_5K-api_upload,1,2022_05_24-17_38_36
45238,076be2df-137d-59dc-f25a-cc4d2d4bfadc.png,large_photos-0K_5K-api_upload,1,2022_05_24-17_38_45
45245,076be2df-137d-59dc-f25a-cc4d2d4bfadc.png,large_photos-0K_5K-api_upload,1,2022_05_24-17_38_49
45246,076be2df-137d-59dc-f25a-cc4d2d4bfadc.png,large_photos-0K_5K-api_upload,1,2022_05_24-17_38_56
45247,076be2df-137d-59dc-f25a-cc4d2d4bfadc.png,large_photos-0K_5K-api_upload,0,2022_05_24-17_39_05
45367,38e24e45-bb74-5562-c670-022f83b65ccb.png,large_photos-0K_5K-api_upload,0,2022_05_24-17_39_11
45427,2de7f4af-d433-884b-41d9-6dc1019121ab.png,large_photos-0K_5K-api_upload,0,2022_05_24-17_39_17
45462,1813a7fd-6ad9-a175-9df9-9c99e3f12e74.png,large_photos-0K_5K-api_upload,0,2022_05_24-17_39_21
45581,306af862-d330-7a94-7f88-1ae870d1747c.png,large_photos-0K_5K-api_upload,0,2022_05_24-17_39_28
45582,306af862-d330-7a94-7f88-1ae870d1747c.png,large_photos-0K_5K-api_upload,0,2022_05_24-17_39_34
46042,2397b1c1-0250-a51f-6649-322bbda04f73.png,large_photos-0K_5K-api_upload,0,2022_05_24-17_39_39
46246,02a0f266-e795-4154-6964-d91a6da307a0.png,large_photos-0K_5K-api_upload,0,2022_05_24-17_39_47
46247,02a0f266-e795-4154-6964-d91a6da307a0.png,large_photos-0K_5K-api_upload,0,2022_05_24-17_39_52
46248,02a0f266-e795-4154-6964-d91a6da307a0.png,large_photos-0K_5K-api_upload,0,2022_05_24-17_39_58
46505,0cd4c4b9-47c6-2d1a-9b51-4ba6036f2058.png,large_photos-0K_5K-api_upload,0,2022_05_24-17_41_34
47031,06d63f8d-070f-5439-fe28-dd19e2e2b705.png,large_photos-0K_5K-api_upload,0,2022_05_24-17_41_47
47931,00ec3537-df90-4a99-be9c-97a5afd83a72.png,large_photos-0K_5K-api_upload,0,2022_05_24-17_41_52
48114,31645812-9173-1216-d44c-2f9bc9ce3cd4.png,large_photos-0K_5K-api_upload,1,2022_05_24-17_42_00
48366,22e6f64c-6d8c-2d63-05c0-e3f924e18ad9.png,large_photos-0K_5K-api_upload,1,2022_05_24-17_42_13
48367,22e6f64c-6d8c-2d63-05c0-e3f924e18ad9.png,large_photos-0K_5K-api_upload,1,2022_05_24-17_42_21
48371,22e6f64c-6d8c-2d63-05c0-e3f924e18ad9.png,large_photos-0K_5K-api_upload,1,2022_05_24-17_42_25
48372,22e6f64c-6d8c-2d63-05c0-e3f924e18ad9.png,large_photos-0K_5K-api_upload,1,2022_05_24-17_42_29
48394,34113aba-e1ae-7a10-efb4-103cf72a730c.png,large_photos-0K_5K-api_upload,0,2022_05_24-17_42_36
48459,11cee05b-4b8f-36ee-a51b-25f357aad1c6.png,large_photos-0K_5K-api_upload,0,2022_05_24-17_42_41
48497,2b7a4153-b299-86c6-1564-c28145b59c5b.png,large_photos-0K_5K-api_upload,0,2022_05_24-17_42_48
48498,2b7a4153-b299-86c6-1564-c28145b59c5b.png,large_photos-0K_5K-api_upload,0,2022_05_24-17_42_57
48499,2b7a4153-b299-86c6-1564-c28145b59c5b.png,large_photos-0K_5K-api_upload,0,2022_05_24-17_43_01
48773,0d95dc63-a057-f02e-ec57-fcfe5d5b162d.png,large_photos-0K_5K-api_upload,0,2022_05_24-17_43_15
48945,1c7f228b-11b8-b345-2c09-664b8b2ec5e2.png,large_photos-0K_5K-api_upload,0,2022_05_24-17_43_20
48946,1c7f228b-11b8-b345-2c09-664b8b2ec5e2.png,large_photos-0K_5K-api_upload,0,2022_05_24-17_43_24
48947,1c7f228b-11b8-b345-2c09-664b8b2ec5e2.png,large_photos-0K_5K-api_upload,0,2022_05_24-17_43_28
49127,220b0fae-fc4a-b103-810b-b0f20b5a04ce.png,large_photos-0K_5K-api_upload,0,2022_05_24-17_43_38
49128,220b0fae-fc4a-b103-810b-b0f20b5a04ce.png,large_photos-0K_5K-api_upload,1,2022_05_24-17_43_46
49176,04535304-0e55-4d9f-8626-d46e6c143fce.png,large_photos-0K_5K-api_upload,0,2022_05_24-17_43_54
49386,227e52ca-5680-5e1d-7aa3-7ddcb23933c3.png,large_photos-0K_5K-api_upload,1,2022_05_24-17_44_04
49404,2cbc4c87-af3b-9448-c532-5529dd172a00.png,large_photos-0K_5K-api_upload,0,2022_05_24-17_44_13
49405,2cbc4c87-af3b-9448-c532-5529dd172a00.png,large_photos-0K_5K-api_upload,0,2022_05_24-17_44_17
49432,31e512fc-5425-5620-258a-9953993182f2.png,large_photos-0K_5K-api_upload,0,2022_05_24-17_44_31
49813,36648e46-1b5b-839a-a2f6-fd48b02e5bc9.png,large_photos-0K_5K-api_upload,0,2022_05_24-17_44_39
49814,36648e46-1b5b-839a-a2f6-fd48b02e5bc9.png,large_photos-0K_5K-api_upload,0,2022_05_24-17_44_43
50044,0e84d8b5-2716-37b1-1a9c-66e969b1089a.png,large_photos-0K_5K-api_upload,1,2022_05_24-17_44_53
50177,20be5b76-3801-d6b7-39cf-dab2551f5fa6.png,large_photos-0K_5K-api_upload,0,2022_05_24-17_45_00
50413,0fe508c2-a37e-f7de-33da-6912a790219e.png,large_photos-0K_5K-api_upload,1,2022_05_24-17_45_06
50414,0fe508c2-a37e-f7de-33da-6912a790219e.png,large_photos-0K_5K-api_upload,1,2022_05_24-17_45_10
50680,3834ad24-c4c2-35f8-c2f5-980758c9531e.png,large_photos-0K_5K-api_upload,0,2022_05_24-17_45_16
50904,1f2c3399-fd1e-dca3-ea63-be67f2ed31cf.png,large_photos-0K_5K-api_upload,0,2022_05_24-17_45_22
50917,1dccc5fd-aa98-ec9f-5a51-f0745ab19c74.png,large_photos-0K_5K-api_upload,1,2022_05_24-17_45_30
51068,17c4581d-9d54-89a6-cdcf-2ea3fe86e536.png,large_photos-0K_5K-api_upload,0,2022_05_24-17_45_36
51153,203c8e60-8ea1-83d3-1042-31da4e841361.png,large_photos-0K_5K-api_upload,0,2022_05_24-17_45_41
51154,203c8e60-8ea1-83d3-1042-31da4e841361.png,large_photos-0K_5K-api_upload,0,2022_05_24-17_45_45
51291,28d03801-d986-7c54-a2a0-c831c017b6e9.png,large_photos-0K_5K-api_upload,0,2022_05_24-17_45_50
51331,1f8ba787-7c59-aec0-9825-6e128e79b167.png,large_photos-0K_5K-api_upload,1,2022_05_24-17_45_56
51453,250c8338-ae11-e3ab-5f6f-d48dc545ef01.png,large_photos-0K_5K-api_upload,1,2022_05_24-17_46_04
51565,379d2238-e97d-7557-5721-d9aca3affa5e.png,large_photos-0K_5K-api_upload,0,2022_05_24-17_46_10
51597,06a00d74-78d4-38eb-d13e-532d1ec00392.png,large_photos-0K_5K-api_upload,0,2022_05_24-17_46_14
51598,06a00d74-78d4-38eb-d13e-532d1ec00392.png,large_photos-0K_5K-api_upload,0,2022_05_24-17_46_18
51599,06a00d74-78d4-38eb-d13e-532d1ec00392.png,large_photos-0K_5K-api_upload,0,2022_05_24-17_46_22
51828,0dcf542c-c1ad-eae7-d254-7cbb385ce1c5.png,large_photos-0K_5K-api_upload,0,2022_05_24-17_46_26
51897,1dccc5fd-aa98-ec9f-5a51-f0745ab19c74.png,large_photos-0K_5K-api_upload,1,2022_05_24-17_46_33
52144,08ae17c0-9c0f-23fa-8486-06d24771599a.png,large_photos-0K_5K-api_upload,1,2022_05_24-17_46_42
52188,0e68aeff-daf4-ba4e-3996-d02af5f00c0d.png,large_photos-0K_5K-api_upload,1,2022_05_24-17_46_47
52744,2ac3c14a-3316-7dba-1978-66e441df9545.png,large_photos-0K_5K-api_upload,0,2022_05_24-17_46_53
53388,2b7a4153-b299-86c6-1564-c28145b59c5b.png,large_photos-0K_5K-api_upload,0,2022_05_24-17_47_19
53389,2b7a4153-b299-86c6-1564-c28145b59c5b.png,large_photos-0K_5K-api_upload,0,2022_05_24-17_47_10
53390,2b7a4153-b299-86c6-1564-c28145b59c5b.png,large_photos-0K_5K-api_upload,0,2022_05_24-17_48_01
53412,05cfa62c-b78e-ec47-c011-5f56209f6d3f.png,large_photos-0K_5K-api_upload,1,2022_05_24-17_48_07
53772,37e6069f-ea5a-8bd7-e8ea-7b03fb666d3f.png,large_photos-0K_5K-api_upload,1,2022_05_24-17_48_15
53773,37e6069f-ea5a-8bd7-e8ea-7b03fb666d3f.png,large_photos-0K_5K-api_upload,1,2022_05_24-17_48_22
54403,328463cf-1d3a-62b0-cd2d-fdb2ae595f24.png,large_photos-0K_5K-api_upload,0,2022_05_24-17_48_28
54485,076be2df-137d-59dc-f25a-cc4d2d4bfadc.png,large_photos-0K_5K-api_upload,1,2022_05_24-17_48_34
54492,076be2df-137d-59dc-f25a-cc4d2d4bfadc.png,large_photos-0K_5K-api_upload,1,2022_05_24-17_48_39
54493,076be2df-137d-59dc-f25a-cc4d2d4bfadc.png,large_photos-0K_5K-api_upload,1,2022_05_24-17_48_45
54494,076be2df-137d-59dc-f25a-cc4d2d4bfadc.png,large_photos-0K_5K-api_upload,0,2022_05_24-17_48_52
54544,098f78d8-c66e-15e6-e9b7-887fdbf86d20.png,large_photos-0K_5K-api_upload,0,2022_05_24-17_49_18
54685,2a8a85f0-8075-2ccc-1715-421f55ac7de7.png,large_photos-0K_5K-api_upload,1,2022_05_24-17_49_44
54944,074ec37e-26e5-c0c1-bfd5-87bb5d5c2464.png,large_photos-0K_5K-api_upload,0,2022_05_24-17_49_52
55191,258b983b-5774-be30-038a-df6b894d2730.png,large_photos-0K_5K-api_upload,1,2022_05_24-17_49_58
55192,258b983b-5774-be30-038a-df6b894d2730.png,large_photos-0K_5K-api_upload,0,2022_05_24-17_50_16
55313,074ec37e-26e5-c0c1-bfd5-87bb5d5c2464.png,large_photos-0K_5K-api_upload,0,2022_05_24-17_50_36
55881,0f6d9827-5704-f3dd-c414-e97369a71c8c.png,large_photos-0K_5K-api_upload,0,2022_05_24-17_50_58
56517,09dbffeb-bbd8-beba-6282-688d53d3cfde.png,large_photos-0K_5K-api_upload,1,2022_05_24-17_51_35
56518,09dbffeb-bbd8-beba-6282-688d53d3cfde.png,large_photos-0K_5K-api_upload,1,2022_05_24-17_51_17
56519,09dbffeb-bbd8-beba-6282-688d53d3cfde.png,large_photos-0K_5K-api_upload,0,2022_05_24-17_51_48
56786,2203ca99-2f47-fdd1-f2a8-25ed9e7d8b71.png,large_photos-0K_5K-api_upload,0,2022_05_24-17_51_53
56813,37d95fe2-bdaa-ae86-79d4-6d8a6d0db15c.png,large_photos-0K_5K-api_upload,0,2022_05_24-17_51_58
57320,1aaebc05-aba2-9758-d08f-259362f29a91.png,large_photos-0K_5K-api_upload,0,2022_05_24-17_52_05
57835,26dacaeb-9f85-a99e-00b1-22d000e48dfe.png,large_photos-0K_5K-api_upload,0,2022_05_24-17_52_47
57837,26dacaeb-9f85-a99e-00b1-22d000e48dfe.png,large_photos-0K_5K-api_upload,0,2022_05_24-17_52_56
57838,26dacaeb-9f85-a99e-00b1-22d000e48dfe.png,large_photos-0K_5K-api_upload,0,2022_05_24-17_53_01
57866,195c5c86-2fa4-7f0f-4494-04b59f7d59ec.png,large_photos-0K_5K-api_upload,0,2022_05_24-17_53_13
58202,1f3b3e5f-c130-9b20-437b-8225d21dcbed.png,large_photos-0K_5K-api_upload,1,2022_05_24-17_53_21
59067,2fca9bba-419a-23db-f087-93fce73db4c6.png,large_photos-0K_5K-api_upload,1,2022_05_24-17_53_27
59164,3560f558-9a48-0732-514c-2d922e132abc.png,large_photos-0K_5K-api_upload,0,2022_05_24-17_53_39
127707,22d36b14-7cce-1bd6-69a3-be6646656af0.png,large_photos-0K_5K-api_upload,1,2022_05_24-16_38_56
