roof_id,imageURL,photos_folder,annotation,annotation_time
2293,1b030032-2858-6345-6e1c-2712c82ada11.png,large_photos-0K_5K,0,2022_05_31-16_16_20
2493,6c3fe048-0e19-d088-e9ff-4c985e85e2a1.png,small_photos,1,2022_05_31-17_04_13
5967,0e88f1d5-7a02-b285-b833-96502c5cb7cf.png,small_photos,0,2022_05_31-17_05_23
10335,dfbb3784-ec33-5319-73b2-e2f45ae440c4.png,small_photos,0,2022_05_31-17_20_27
10734,a111680f-d69c-b9c4-6cb9-6b8a424a3dc6.png,small_photos,0,2022_05_31-17_06_06
10968,6e754de7-85e6-790a-0b8c-8d283a4d831b.png,small_photos,1,2022_05_31-17_09_45
27607,f0760211-f8a5-68c1-cb30-b3ddfd2387d6.png,small_photos,1,2022_05_31-17_19_05
