roof_id,imageURL,photos_folder,annotation,annotation_time
1,2e69e5ad-53e9-daca-b4c4-b9ed9505858b.png,small_photos-api_upload,0,2022_05_24-17_15_18
3,696d9474-17da-f9ff-c854-4a4ee9707153.png,small_photos-api_upload,0,2022_05_24-17_55_35
12,a4f311db-4697-f6fc-1157-f4880638ad53.png,small_photos-api_upload,1,2022_05_24-18_00_04
26,baa577f4-4518-9aad-9a25-dfd2b95afabb.png,small_photos-api_upload,0,2022_05_24-18_01_44
44,a0e66c30-df9f-ab11-743d-44b53143769b.png,small_photos-api_upload,1,2022_05_24-19_01_15
45,b440b27f-b011-70cf-1db2-7b4caed8d132.png,small_photos-api_upload,0,2022_05_24-17_34_20
65,b8126876-4511-f5a3-fc2e-df219213fce3.png,small_photos-api_upload,0,2022_05_24-18_20_56
67,b8126876-4511-f5a3-fc2e-df219213fce3.png,small_photos-api_upload,0,2022_05_24-17_42_33
91,b592f575-c1d9-1e4c-4157-c9af24479231.png,small_photos-api_upload,0,2022_05_24-19_28_04
94,f5b68eeb-4268-895d-44b2-15071cd95f3f.png,small_photos-api_upload,0,2022_05_24-18_26_24
131,bca50f3f-493c-7bae-2dce-58b10100a366.png,small_photos-api_upload,0,2022_05_24-17_37_31
132,9bfcb9b7-e606-e5a7-ad20-0d77f3c2e0e0.png,small_photos-api_upload,0,2022_05_24-19_22_07
168,5ac4a0b9-fa97-c93b-685f-c324107b8245.png,small_photos-api_upload,0,2022_05_24-18_22_45
178,98b1d4c8-1b7c-04c2-ebb3-7a6c38fd26de.png,small_photos-api_upload,0,2022_05_24-18_16_48
196,5d6cf6fd-a9ff-b595-7877-9cb3e9febb81.png,small_photos-api_upload,0,2022_05_24-18_24_28
246,d5167fcb-8268-e623-5d7f-df6f317ed149.png,small_photos-api_upload,0,2022_05_24-17_42_02
266,c6944d60-8f49-d368-75f3-b151d77d2e3e.png,small_photos-api_upload,1,2022_05_24-17_17_06
280,cc0c3ad3-48d8-e9b2-1a27-b630493a5fb8.png,small_photos-api_upload,0,2022_05_24-17_58_43
327,a375738f-9de3-7af5-461c-7725bb849aa2.png,small_photos-api_upload,0,2022_05_24-19_06_21
336,dbdb3bd9-8064-7e59-227e-d2e8967469a7.png,small_photos-api_upload,0,2022_05_24-18_14_00
365,cf1748ce-909a-b35a-1561-59f1e862edae.png,small_photos-api_upload,0,2022_05_24-19_08_18
370,02c68e36-1016-35e2-a9a9-6072e54f2e39.png,small_photos-api_upload,0,2022_05_24-17_20_24
382,5849826a-dfe3-dc05-5fc8-5aac85df5d3c.png,small_photos-api_upload,0,2022_05_24-18_12_28
384,5849826a-dfe3-dc05-5fc8-5aac85df5d3c.png,small_photos-api_upload,0,2022_05_24-17_55_46
385,5849826a-dfe3-dc05-5fc8-5aac85df5d3c.png,small_photos-api_upload,0,2022_05_24-18_16_53
401,dcb1b152-9dcb-d1fd-819d-82285725bcbb.png,small_photos-api_upload,0,2022_05_24-19_21_34
402,186db57e-821a-f855-8899-6966ddb7f04c.png,small_photos-api_upload,1,2022_05_24-19_36_27
410,a87daf71-2335-ce7e-b667-01d138db1806.png,small_photos-api_upload,0,2022_05_24-18_03_11
421,75da75a6-5bf9-e070-527c-6a59b6f929ec.png,small_photos-api_upload,0,2022_05_24-17_21_51
422,75da75a6-5bf9-e070-527c-6a59b6f929ec.png,small_photos-api_upload,0,2022_05_24-19_00_44
423,ddc0a768-5eda-2ac3-723d-1fdff3a85513.png,small_photos-api_upload,0,2022_05_24-18_00_53
446,773afebb-37b3-48d0-2999-06dfd27b4991.png,small_photos-api_upload,0,2022_05_24-18_33_52
464,33e885db-511e-f3f6-7d9d-b8abe96e88e5.png,small_photos-api_upload,0,2022_05_24-19_26_36
466,33e885db-511e-f3f6-7d9d-b8abe96e88e5.png,small_photos-api_upload,0,2022_05_24-19_11_44
472,476bbe7d-3a73-f7ef-b174-c25ba86bc781.png,small_photos-api_upload,0,2022_05_24-19_02_35
486,eb3c8c2e-65bf-6afe-13b0-450f4cc163d1.png,small_photos-api_upload,0,2022_05_24-18_12_48
492,b91088e9-dd05-e6d8-3c7b-ecb15d80cdb7.png,small_photos-api_upload,0,2022_05_24-18_14_36
506,84878bc1-5b31-2e13-b7de-06307eeb1138.png,small_photos-api_upload,0,2022_05_24-18_48_34
508,5e84ede5-a90d-f768-c9b7-4ab9db4cd69f.png,small_photos-api_upload,0,2022_05_24-18_25_03
551,301317ef-fc4e-5749-2382-d8d5b6859e66.png,small_photos-api_upload,0,2022_05_24-18_24_04
567,5647b2ae-cf49-3ab7-f63e-efbdeccc61a1.png,small_photos-api_upload,0,2022_05_24-17_28_06
573,bb249183-ab3e-b72e-1553-1666cf9c11ce.png,small_photos-api_upload,0,2022_05_24-19_07_04
588,87e07702-65d5-3cd3-19e3-db9614ced5a7.png,small_photos-api_upload,0,2022_05_24-18_23_21
601,192d2db4-1d61-2f33-807e-a3538455e75d.png,small_photos-api_upload,0,2022_05_24-18_02_02
603,3a8e288a-e7c4-3667-2e14-dee7c7039589.png,small_photos-api_upload,0,2022_05_24-18_34_19
611,0b6806fc-7fbd-78a8-ace7-8175a165fbd8.png,small_photos-api_upload,1,2022_05_24-18_29_17
612,4d08e90e-1317-f716-6a19-007ad4e150e5.png,small_photos-api_upload,1,2022_05_24-18_58_42
630,e2b4507c-0bc2-3e49-5a7c-3c1b20bf1a51.png,small_photos-api_upload,0,2022_05_24-19_28_18
644,3c6a63c8-3872-d353-9518-6d907a6db5f7.png,small_photos-api_upload,0,2022_05_24-18_12_37
712,3fe308e1-1a10-b52e-21fa-9171fdb8e1e9.png,small_photos-api_upload,1,2022_05_24-18_54_10
745,ae5311fe-2ef6-2129-46d5-64221f7b8beb.png,small_photos-api_upload,0,2022_05_24-18_12_33
747,ae5311fe-2ef6-2129-46d5-64221f7b8beb.png,small_photos-api_upload,0,2022_05_24-18_02_05
766,2a56807d-6662-63e2-ffb5-d090a47e0bb2.png,small_photos-api_upload,1,2022_05_24-19_23_11
788,6b12d03d-69d6-c452-74f1-f2ad541d8451.png,small_photos-api_upload,1,2022_05_24-18_10_39
803,8803767d-16cb-a149-abb8-dd926d825f21.png,small_photos-api_upload,1,2022_05_24-18_35_08
815,36edccca-4254-c49b-2731-8904bb5303c9.png,small_photos-api_upload,0,2022_05_24-18_48_22
843,3ce6b38a-54dc-5dbd-3a2c-b4590aacc4fe.png,small_photos-api_upload,0,2022_05_24-19_06_41
879,4a8e4d5f-fc43-4138-354d-e99f7fab45cc.png,small_photos-api_upload,1,2022_05_24-19_30_41
893,d1a4a2ed-8d82-01ec-096f-370e0f26309a.png,small_photos-api_upload,0,2022_05_24-17_36_30
905,3d10615e-7507-cad6-a128-2be6b5f3bb6e.png,small_photos-api_upload,0,2022_05_24-18_00_22
918,8d840850-1a96-8f81-070b-33f29abb9008.png,small_photos-api_upload,0,2022_05_24-19_30_28
924,3d10615e-7507-cad6-a128-2be6b5f3bb6e.png,small_photos-api_upload,1,2022_05_24-19_22_38
925,ffcda7c4-cfd3-c84a-facd-a385a3afde28.png,small_photos-api_upload,1,2022_05_24-17_17_58
974,b0029514-f3bc-86dc-7241-1e131b16c740.png,small_photos-api_upload,0,2022_05_24-17_40_40
981,f3054e90-df41-ba52-d938-8a473a50ceb3.png,small_photos-api_upload,0,2022_05_24-18_38_52
1001,d2041fc0-c19b-4cd3-fc2d-48f474074439.png,small_photos-api_upload,1,2022_05_24-18_43_01
1022,a740fa8e-b65c-1694-56ca-b5ba6c274500.png,small_photos-api_upload,0,2022_05_24-17_52_57
1062,edb61cfe-74e5-ec84-637e-1ab24dd33e65.png,small_photos-api_upload,0,2022_05_24-18_07_35
1063,310556c1-1d3e-7e24-160f-94f6e13d15dd.png,small_photos-api_upload,0,2022_05_24-17_27_02
1075,f195cfb9-10f2-17ff-6c45-fe954c599863.png,small_photos-api_upload,0,2022_05_24-17_51_34
1090,3a8e288a-e7c4-3667-2e14-dee7c7039589.png,small_photos-api_upload,0,2022_05_24-18_33_13
1132,e87b7ca6-3fce-38f4-faaa-182ca6e8a38d.png,small_photos-api_upload,0,2022_05_24-19_31_35
1146,fc6cba8a-5066-028b-bb5b-a647cef8934d.png,small_photos-api_upload,0,2022_05_24-17_40_26
1167,85a809b1-e16f-5ab6-d05a-d7234df389ae.png,small_photos-api_upload,0,2022_05_24-19_33_41
1185,17589a78-54f1-fa09-bcaf-652e29180338.png,small_photos-api_upload,0,2022_05_24-18_31_19
1195,6ee727e2-5a69-3c40-e87c-2ab585c19ba7.png,small_photos-api_upload,0,2022_05_24-18_15_24
1209,87e07702-65d5-3cd3-19e3-db9614ced5a7.png,small_photos-api_upload,0,2022_05_24-18_44_17
1210,228844d3-be27-012f-9653-f7d79547dae5.png,small_photos-api_upload,0,2022_05_24-18_20_44
1214,b6961490-ff29-7d23-139c-2a2ce71b0928.png,small_photos-api_upload,0,2022_05_24-19_02_32
1270,04a85137-ab66-cdc9-28d2-4a0338308c2a.png,small_photos-api_upload,0,2022_05_24-19_28_45
1290,a24235ee-96d3-2888-1153-f998532c82a0.png,small_photos-api_upload,1,2022_05_24-18_42_55
1298,b6a8960b-7c70-67e1-a928-fb8b0d39a760.png,small_photos-api_upload,1,2022_05_24-19_29_49
1353,fbdd303c-8ce8-e40a-0943-7e13e57f200d.png,small_photos-api_upload,0,2022_05_24-18_20_08
1356,7d9d48c6-e8b8-8a03-dde2-a153d09ea02c.png,small_photos-api_upload,0,2022_05_24-18_29_48
1376,2f268a64-9baf-5c03-25e6-fbf7ddee84b6.png,small_photos-api_upload,0,2022_05_24-19_20_54
1398,82e87b3e-98a3-0185-c2ac-9fb02b1230a9.png,small_photos-api_upload,0,2022_05_24-19_19_57
1401,65f8ca8f-9a6d-15b7-0f10-1573b2d4a930.png,small_photos-api_upload,1,2022_05_24-18_11_33
1408,4b03c6e3-7dcb-01d2-b517-e2b649a10504.png,small_photos-api_upload,0,2022_05_24-18_05_13
1416,95f60581-a79f-b0dc-3889-730e91f7ed88.png,small_photos-api_upload,0,2022_05_24-18_00_10
1417,95f60581-a79f-b0dc-3889-730e91f7ed88.png,small_photos-api_upload,0,2022_05_24-18_15_01
1422,95e915f3-dcb3-e612-308f-e439f3def6db.png,small_photos-api_upload,0,2022_05_24-19_17_39
1423,ad1884a8-08b4-0690-4d18-c2eee958662d.png,small_photos-api_upload,0,2022_05_24-17_22_15
1472,51e3edf1-d5b8-3b8f-0bb6-8329b017eb72.png,small_photos-api_upload,1,2022_05_24-18_55_14
1475,9e1746a0-220d-7bec-4c2b-e12fc964d18f.png,small_photos-api_upload,0,2022_05_24-19_35_27
1480,a3bf0667-23a4-f897-de14-85cca7ef29d7.png,small_photos-api_upload,0,2022_05_24-18_44_20
1486,d138aa48-e9e1-3ba3-df9b-9908809d49dc.png,small_photos-api_upload,0,2022_05_24-17_36_37
1498,c0535266-358e-41d8-2069-a563bcd3233f.png,small_photos-api_upload,0,2022_05_24-19_23_51
1512,fdbb70a5-f2c2-a85b-123f-bde395fc7cc8.png,small_photos-api_upload,1,2022_05_24-18_25_24
1528,bb551065-2b18-506a-6d11-b791c3228970.png,small_photos-api_upload,0,2022_05_24-18_23_37
1534,539a0aa3-ca6c-b99b-e76f-4a68eef7d001.png,small_photos-api_upload,1,2022_05_24-19_23_07
1538,7a2a3188-5338-7875-ad86-5e9657afab1f.png,small_photos-api_upload,0,2022_05_24-17_26_21
1546,b389911c-1810-0c03-b0b7-3059cddd13e3.png,small_photos-api_upload,0,2022_05_24-17_44_29
1551,802d7f06-8c1a-4a29-72df-2ef73018d6d3.png,small_photos-api_upload,0,2022_05_24-17_38_36
1563,67b0c8a8-1c80-9afb-fc99-6ac91354906b.png,small_photos-api_upload,0,2022_05_24-19_34_38
1609,c4e8bb79-8d2c-5b6a-eafe-dd4fdf1fd79c.png,small_photos-api_upload,1,2022_05_24-17_43_27
1686,ffe680df-03aa-b24c-7d1a-fc934ea384c0.png,small_photos-api_upload,0,2022_05_24-17_35_02
1719,23786ad5-c16c-fe98-b489-f06b89a4ce57.png,small_photos-api_upload,0,2022_05_24-18_45_32
1727,c666e108-fbf3-e18a-0c73-28afcd52c67a.png,small_photos-api_upload,0,2022_05_24-18_28_12
1762,7b7847ef-d27e-5f94-30cb-5cfb09de09d0.png,small_photos-api_upload,0,2022_05_24-18_33_10
1768,de378770-ffab-a255-2cc9-8e36e4cdcf16.png,small_photos-api_upload,0,2022_05_24-18_23_28
1825,2acc4453-c5f2-8131-4afe-f56a3d212210.png,small_photos-api_upload,0,2022_05_24-20_07_35
1835,18cb9a14-242a-4cca-c73c-333ac2dfdc6e.png,small_photos-api_upload,0,2022_05_24-18_21_03
1902,7cf26d7b-b7c8-ede8-6410-9154115836b4.png,small_photos-api_upload,0,2022_05_24-19_06_00
1913,0aadf3f3-4dd6-905d-7fc5-35972ef551db.png,small_photos-api_upload,0,2022_05_24-17_32_29
1974,d31387fa-264c-9443-d9e7-e97e62872a8d.png,small_photos-api_upload,1,2022_05_24-19_27_04
1985,3f815a2b-e824-37aa-9373-37171354e563.png,small_photos-api_upload,1,2022_05_24-17_54_16
1999,53bdd1df-1007-390f-c620-15509a3850da.png,small_photos-api_upload,0,2022_05_24-18_19_15
2048,6c35055c-dd36-f3af-b801-870d6675dcd9.png,small_photos-api_upload,0,2022_05_24-18_39_28
2052,af539cdc-6ef2-4130-5ae5-ddced5dae4f2.png,small_photos-api_upload,0,2022_05_24-18_33_34
2074,c626ba1a-8db7-ba3e-184f-2948659f62ea.png,small_photos-api_upload,0,2022_05_24-18_59_39
2078,7e6bc1ab-a2e3-7213-4341-df4857c3f202.png,small_photos-api_upload,0,2022_05_24-19_01_51
2089,2dd4f7aa-ed2c-383e-48f8-15ebc638c5cd.png,small_photos-api_upload,0,2022_05_24-19_16_15
2111,7725bfe2-c406-9174-49dd-1564da6a7647.png,small_photos-api_upload,0,2022_05_24-19_14_19
2116,eb19716f-9cc1-48ee-7180-d497b4e0d167.png,small_photos-api_upload,0,2022_05_24-18_53_42
2164,3da8f3f6-1ff2-ea63-d06d-19b157765def.png,small_photos-api_upload,1,2022_05_24-18_31_07
2176,8a98c58a-d7b4-9e24-5c0d-5121b8ca0d09.png,small_photos-api_upload,1,2022_05_24-18_14_46
2211,da9fe494-b0d1-d403-4eef-cde40c617342.png,small_photos-api_upload,0,2022_05_24-18_07_39
2240,7a475608-0e58-1a16-ed9c-ed3668bacaf1.png,small_photos-api_upload,1,2022_05_24-18_00_26
2248,d00ebca6-5f9a-f866-91c3-2e631e9ea79b.png,small_photos-api_upload,1,2022_05_24-19_08_32
2270,faf42efb-b869-7edf-3e78-a750aa70a11c.png,small_photos-api_upload,1,2022_05_24-19_12_57
2272,baf2a21a-5ff2-899a-71c4-8f3f813af5da.png,small_photos-api_upload,0,2022_05_24-18_27_54
2290,eda52a9d-8860-7a4e-4c7b-e6f75adca097.png,small_photos-api_upload,0,2022_05_24-18_47_00
2307,ec5381d6-800f-3fe7-8d66-c43c99d4177d.png,small_photos-api_upload,1,2022_05_24-19_14_24
2314,603bd82d-029d-186f-b173-06c6f04a00e5.png,small_photos-api_upload,0,2022_05_24-18_56_18
2328,82e9b26a-e725-b987-5b4d-0e63deeef8f4.png,small_photos-api_upload,1,2022_05_24-18_30_50
2329,82e9b26a-e725-b987-5b4d-0e63deeef8f4.png,small_photos-api_upload,0,2022_05_24-19_16_10
2350,5e3b03a4-25dc-f8cf-7d43-fbbc4f62584c.png,small_photos-api_upload,0,2022_05_24-17_16_37
2367,6ba9e850-8a0c-ba05-e4d0-5f6c8c8c2e70.png,small_photos-api_upload,0,2022_05_24-17_48_12
2432,fbcc759f-404b-9606-3d14-c4092bad8bfc.png,small_photos-api_upload,0,2022_05_24-18_01_59
2476,c08ea5a8-8dca-bef5-9d3e-466ff2ce1e85.png,small_photos-api_upload,1,2022_05_24-18_56_55
2492,d90c1473-b487-9729-e8af-b3f3754f635f.png,small_photos-api_upload,0,2022_05_24-18_57_27
2540,ba940c0d-2569-1e31-91de-7153becd8e59.png,small_photos-api_upload,0,2022_05_24-19_24_42
2562,fc155e55-fc6a-c873-d736-a5f2fa08e207.png,small_photos-api_upload,1,2022_05_24-19_34_28
2563,fc155e55-fc6a-c873-d736-a5f2fa08e207.png,small_photos-api_upload,0,2022_05_24-19_05_45
2581,ae53ca36-e670-9fc0-9ab2-674a96fa81b2.png,small_photos-api_upload,1,2022_05_24-18_03_07
2600,f39f0e15-d505-fb48-168a-b0228a4528ce.png,small_photos-api_upload,0,2022_05_24-17_46_14
2601,f39f0e15-d505-fb48-168a-b0228a4528ce.png,small_photos-api_upload,0,2022_05_24-19_37_36
2603,f39f0e15-d505-fb48-168a-b0228a4528ce.png,small_photos-api_upload,0,2022_05_24-19_04_37
2613,3fbd5219-73a5-0a81-6f5a-0919db2c3e4b.png,small_photos-api_upload,0,2022_05_24-17_50_09
2661,1f59d68c-599e-549f-a9a8-c9a53f7f7bd8.png,small_photos-api_upload,0,2022_05_24-17_23_51
2662,8e3c08c8-b3cd-2e38-cc49-4e656ac32700.png,small_photos-api_upload,0,2022_05_24-18_52_18
2703,840b5764-38bc-4635-8ca2-9698ea96128d.png,small_photos-api_upload,0,2022_05_24-20_08_01
2721,fc3b8ac2-fe09-a36c-262d-e8ec138eccc3.png,small_photos-api_upload,0,2022_05_24-18_30_22
2751,777c7045-8d1a-5700-265f-9225949ecc93.png,small_photos-api_upload,0,2022_05_24-18_44_33
2755,ba01dd98-d596-7728-797d-e3b9ac2cc4ba.png,small_photos-api_upload,0,2022_05_24-19_37_02
2758,aae0c4dc-04cd-b1e5-8009-887d431c4b0f.png,small_photos-api_upload,0,2022_05_24-18_10_23
2764,e17d52c5-2471-c25e-2994-dc5ec15d3a43.png,small_photos-api_upload,1,2022_05_24-17_58_54
2776,7dc74c60-bf95-d750-83e7-2712af218a60.png,small_photos-api_upload,1,2022_05_24-18_42_31
2778,7dc74c60-bf95-d750-83e7-2712af218a60.png,small_photos-api_upload,0,2022_05_24-18_01_53
2832,d2bc120b-6d09-19d9-77e4-6077192551fc.png,small_photos-api_upload,0,2022_05_24-18_32_28
2842,bd6954a2-4c3e-de7a-7d58-d7a08cf609f9.png,small_photos-api_upload,0,2022_05_24-19_21_02
2901,a6a864d4-1446-32c7-641b-5d385932aa0a.png,small_photos-api_upload,0,2022_05_24-18_37_28
2913,691fea75-42e6-83ee-96ff-c11e6bbfaf00.png,small_photos-api_upload,0,2022_05_24-18_28_54
2926,2a7bc8bd-1870-f302-192c-75d03273ed05.png,small_photos-api_upload,0,2022_05_24-17_43_35
2943,a540196b-dcc1-dc57-efd2-dab5306f4fda.png,small_photos-api_upload,0,2022_05_24-19_31_54
2944,a540196b-dcc1-dc57-efd2-dab5306f4fda.png,small_photos-api_upload,0,2022_05_24-18_46_42
2945,a540196b-dcc1-dc57-efd2-dab5306f4fda.png,small_photos-api_upload,0,2022_05_24-18_17_44
2950,4236995a-cc3b-0573-8447-59210748ad94.png,small_photos-api_upload,0,2022_05_24-17_56_45
2991,6a0eb4b7-1dad-f4c9-b3da-101262a3d27f.png,small_photos-api_upload,0,2022_05_24-18_55_56
2998,388c8ada-93b5-d93e-b8e1-b9e177145d6a.png,small_photos-api_upload,0,2022_05_24-18_56_24
3013,9519cc4a-3a52-d4a4-234d-1a03320a26f2.png,small_photos-api_upload,0,2022_05_24-19_22_49
3024,78196b60-f6b7-a8fe-4f6d-93d8c12eabab.png,small_photos-api_upload,1,2022_05_24-19_32_19
3045,0ed5dc03-0336-9185-5c8d-7d6046808ecc.png,small_photos-api_upload,0,2022_05_24-18_06_26
3060,81d995c3-f292-5f96-1eb8-e3e865d3c7ee.png,small_photos-api_upload,1,2022_05_24-18_45_49
3061,e64105dc-1a78-a426-92ac-0df1c2c7965e.png,small_photos-api_upload,0,2022_05_24-19_07_17
3071,6ee4dfc4-1e1b-2b2f-a94b-292b9a000d7b.png,small_photos-api_upload,0,2022_05_24-17_49_33
3075,dfac689a-9d36-ecb1-9851-9c9644958a93.png,small_photos-api_upload,0,2022_05_24-18_17_27
3095,d68ba744-e828-661a-a3b3-36b3afa4083d.png,small_photos-api_upload,1,2022_05_24-17_50_27
3103,9de3533b-43f4-4a64-d50a-be41dc6cc2f2.png,small_photos-api_upload,0,2022_05_24-18_57_32
3105,9de3533b-43f4-4a64-d50a-be41dc6cc2f2.png,small_photos-api_upload,0,2022_05_24-18_05_00
3106,9de3533b-43f4-4a64-d50a-be41dc6cc2f2.png,small_photos-api_upload,0,2022_05_24-18_29_35
3115,8e4c1e4e-f58e-4040-2e14-7449aa46b969.png,small_photos-api_upload,0,2022_05_24-19_06_45
3150,c5e63080-9240-22a8-cf37-b9120d1e90bd.png,small_photos-api_upload,0,2022_05_24-17_58_58
3176,db6619c4-7241-fae8-09d2-961b072cc356.png,small_photos-api_upload,0,2022_05_24-19_07_00
3204,29221d27-0025-68bd-ee82-6d5a8444c50c.png,small_photos-api_upload,0,2022_05_24-18_03_41
3208,09b4e61d-063b-0ce8-e4bb-1672f6eee6c6.png,small_photos-api_upload,0,2022_05_24-17_43_39
3212,841ca73f-79cb-bfc7-0258-93e5b6f8b0f3.png,small_photos-api_upload,0,2022_05_24-18_31_11
3215,1f438b46-bbd6-d74c-595e-ba5b45f965c8.png,small_photos-api_upload,1,2022_05_24-18_53_23
3229,704022a3-98aa-b4b4-a21b-d4034dba4c42.png,small_photos-api_upload,0,2022_05_24-18_51_57
3256,f4188a69-e55f-fbd8-5011-ce272c25a06e.png,small_photos-api_upload,0,2022_05_24-18_22_17
3259,469a2206-f982-7801-dadb-e3a392819424.png,small_photos-api_upload,0,2022_05_24-17_49_49
3268,41b6dd1d-a180-dc96-ac2c-8977447cf027.png,small_photos-api_upload,0,2022_05_24-17_39_13
3270,fd82c29d-2337-bff9-91f2-2e981b11aa05.png,small_photos-api_upload,0,2022_05_24-18_19_08
3271,fd82c29d-2337-bff9-91f2-2e981b11aa05.png,small_photos-api_upload,0,2022_05_24-18_01_16
3289,a43c059a-d7c6-e191-b796-df08239cafca.png,small_photos-api_upload,1,2022_05_24-18_41_47
3299,3d4f3768-0476-3b13-3ab0-02ba15cb7f9d.png,small_photos-api_upload,1,2022_05_24-19_26_08
3300,7dbc4016-fa4b-7712-7efa-dd943700debd.png,small_photos-api_upload,0,2022_05_24-19_08_43
3305,dfa9552f-d887-69d4-689d-9d83f9a6cd86.png,small_photos-api_upload,0,2022_05_24-19_29_57
3306,8bb2b97f-fd94-c14c-fec4-f317af792573.png,small_photos-api_upload,0,2022_05_24-18_12_03
3315,643dfc92-c1e8-3231-eec3-e621bfa1ffcb.png,small_photos-api_upload,1,2022_05_24-19_09_13
3324,a65ff3a8-b16d-d9e8-643f-c4994477b3a4.png,small_photos-api_upload,0,2022_05_24-18_31_46
3343,7b41eb6e-f4c7-7494-5fbd-09e043eca66a.png,small_photos-api_upload,0,2022_05_24-18_22_06
3344,7b41eb6e-f4c7-7494-5fbd-09e043eca66a.png,small_photos-api_upload,0,2022_05_24-17_53_41
3346,e4b2ec72-3e75-d117-5aa8-895089ed532e.png,small_photos-api_upload,0,2022_05_24-19_01_29
3361,498a473a-131c-6b61-2795-469b0d879898.png,small_photos-api_upload,0,2022_05_24-18_15_35
3363,3a48a7cd-7e94-3d08-f319-8c8a86c97624.png,small_photos-api_upload,1,2022_05_24-17_26_31
3387,d1105232-c52c-acdf-066e-d4257e24b111.png,small_photos-api_upload,0,2022_05_24-19_06_51
3417,e2f5c99a-815f-3d4d-523b-3e6f9b4e0563.png,small_photos-api_upload,0,2022_05_24-18_53_05
3428,d5beedce-1f55-2a67-87ef-7dd6cb20ad18.png,small_photos-api_upload,0,2022_05_24-17_46_05
3432,aae0c4dc-04cd-b1e5-8009-887d431c4b0f.png,small_photos-api_upload,0,2022_05_24-18_51_40
3459,7483da3a-992a-6ab1-749f-b8a79e6b5cb9.png,small_photos-api_upload,0,2022_05_24-18_22_49
3467,415eac2c-7cf5-cc70-9380-e973ab29dca4.png,small_photos-api_upload,1,2022_05_24-18_52_38
3472,202a9170-ccd4-a629-e5ba-f4d6b224eead.png,small_photos-api_upload,1,2022_05_24-18_37_50
3497,af3bfcc4-f5e3-88df-285a-c8a07a2ad76d.png,small_photos-api_upload,0,2022_05_24-18_23_54
3503,202a9170-ccd4-a629-e5ba-f4d6b224eead.png,small_photos-api_upload,0,2022_05_24-18_36_36
3513,1a38cfe8-b596-acce-44b5-0c30754128e9.png,small_photos-api_upload,1,2022_05_24-17_36_24
3540,fd82c29d-2337-bff9-91f2-2e981b11aa05.png,small_photos-api_upload,0,2022_05_24-19_20_28
3583,15d30034-d45b-82d6-d63d-60c92dbbbc8c.png,small_photos-api_upload,0,2022_05_24-18_34_29
3587,523842fb-56b5-eb01-9f81-619eccc82cfe.png,small_photos-api_upload,1,2022_05_24-18_12_11
3617,c03eabf4-3f6f-3ca7-06dc-e95565f42d7b.png,small_photos-api_upload,1,2022_05_24-18_08_02
3624,ac658f1c-8134-1222-0ee8-6de917189adf.png,small_photos-api_upload,0,2022_05_24-18_03_44
3647,f9198592-665c-4245-72a2-79668c557ba7.png,small_photos-api_upload,0,2022_05_24-18_30_06
3662,e025dc17-6248-c54c-bec4-c044f546fea3.png,small_photos-api_upload,0,2022_05_24-19_13_01
3663,e025dc17-6248-c54c-bec4-c044f546fea3.png,small_photos-api_upload,0,2022_05_24-18_57_54
3671,fb34d9d7-87d5-9ee6-a928-4c9af60f1254.png,small_photos-api_upload,0,2022_05_24-18_37_25
3696,e3fb08fb-2327-3f55-7461-bd5f19e64768.png,small_photos-api_upload,1,2022_05_24-19_30_59
3700,55b6f758-2901-fff7-dd12-dae7324ac06f.png,small_photos-api_upload,1,2022_05_24-19_35_36
3706,ebe7ec36-d3c2-7c5e-e30e-c7262349d7b6.png,small_photos-api_upload,1,2022_05_24-18_17_14
3719,a1e40c1d-5f0a-e7d2-db7f-05f840294d54.png,small_photos-api_upload,1,2022_05_24-18_03_24
3721,f08bc2a9-1b1c-cf70-3398-4deb8b197eb7.png,small_photos-api_upload,0,2022_05_24-18_59_25
3768,59ed1642-753e-2695-0dae-fd87a919e571.png,small_photos-api_upload,0,2022_05_24-18_01_41
3815,c4d0de10-d51e-d1b9-4c33-ccafbeca9eb9.png,small_photos-api_upload,0,2022_05_24-20_08_48
3823,d0039648-3bed-e366-4096-ad3da4dd5278.png,small_photos-api_upload,1,2022_05_24-17_16_47
3827,272e253f-879d-818d-2864-5df79a586911.png,small_photos-api_upload,0,2022_05_24-18_25_12
3855,f7edbb61-9b5d-69a8-295d-544cb49e1166.png,small_photos-api_upload,0,2022_05_24-18_31_15
3866,dc88fd93-8727-eb4d-a841-a0b6afc6e79f.png,small_photos-api_upload,1,2022_05_24-19_20_44
3871,0ed5dc03-0336-9185-5c8d-7d6046808ecc.png,small_photos-api_upload,0,2022_05_24-17_30_31
3873,0ed5dc03-0336-9185-5c8d-7d6046808ecc.png,small_photos-api_upload,0,2022_05_24-18_15_08
3877,a9b42280-3fbf-2a72-90a7-8ed6adde91ae.png,small_photos-api_upload,1,2022_05_24-18_30_17
3878,a9b42280-3fbf-2a72-90a7-8ed6adde91ae.png,small_photos-api_upload,1,2022_05_24-17_48_36
3880,a9b42280-3fbf-2a72-90a7-8ed6adde91ae.png,small_photos-api_upload,1,2022_05_24-19_25_16
3884,8fd41f99-ca61-83aa-6cfe-db0b51525ce6.png,small_photos-api_upload,0,2022_05_24-18_35_47
3894,3b315971-9626-6766-9ab5-87ed791575c5.png,small_photos-api_upload,0,2022_05_24-17_18_52
3913,cfb1867d-81cf-c9d1-4d73-834c33197e5a.png,small_photos-api_upload,1,2022_05_24-18_35_54
3922,7dbdb654-c53c-3bcc-55e6-e5a5e310bd66.png,small_photos-api_upload,0,2022_05_24-18_18_37
3923,7dbdb654-c53c-3bcc-55e6-e5a5e310bd66.png,small_photos-api_upload,0,2022_05_24-19_13_38
3927,7dbdb654-c53c-3bcc-55e6-e5a5e310bd66.png,small_photos-api_upload,0,2022_05_24-19_27_40
3929,7dbdb654-c53c-3bcc-55e6-e5a5e310bd66.png,small_photos-api_upload,0,2022_05_24-17_35_48
3938,e106bbd1-b5f1-d9c8-f34b-6e66fdbbd8dc.png,small_photos-api_upload,0,2022_05_24-18_11_11
3971,db2afc8e-8e04-3a54-e8ff-00c78f3527aa.png,small_photos-api_upload,0,2022_05_24-18_49_46
3972,db2afc8e-8e04-3a54-e8ff-00c78f3527aa.png,small_photos-api_upload,0,2022_05_24-18_23_12
3985,1ee86d36-35dd-17a3-7017-c5f727f65445.png,small_photos-api_upload,0,2022_05_24-18_41_52
3986,2487e1b6-3280-1d00-0e16-e86bd08863dc.png,small_photos-api_upload,1,2022_05_24-18_24_58
3990,52fb8664-3cd2-4008-8f67-7b0d1e849a24.png,small_photos-api_upload,0,2022_05_24-18_15_05
4026,4fa12d45-0c1e-0108-0ec3-f243ea67ce19.png,small_photos-api_upload,0,2022_05_24-18_22_10
4048,4f802a48-b2d9-0f88-6be0-297c49e3d0dd.png,small_photos-api_upload,0,2022_05_24-18_33_45
4065,bd81329d-735f-7b58-ca2b-7a3da81e8609.png,small_photos-api_upload,1,2022_05_24-19_27_19
4072,26255ec9-02ba-4c0f-45f2-6f2e68b60f6c.png,small_photos-api_upload,1,2022_05_24-19_01_59
4075,26255ec9-02ba-4c0f-45f2-6f2e68b60f6c.png,small_photos-api_upload,0,2022_05_24-18_36_20
4086,28b24f0c-cddf-3a8d-1959-0877df7fd139.png,small_photos-api_upload,0,2022_05_24-18_32_13
4097,5d0ca1e1-54de-8bc9-415b-342e47b799cb.png,small_photos-api_upload,0,2022_05_24-18_18_58
4104,3acea17b-9002-1cfb-6f8d-a6e2c0e008bd.png,small_photos-api_upload,0,2022_05_24-17_56_07
4111,80f56531-262a-c956-f840-19b9adb89f47.png,small_photos-api_upload,0,2022_05_24-18_11_07
4135,63d5157d-1ec0-56f9-631e-3425d2262ada.png,small_photos-api_upload,0,2022_05_24-18_00_48
4148,2755685d-993c-3a25-7923-7438b868bd2e.png,small_photos-api_upload,0,2022_05_24-18_59_28
4177,b0f380ea-2f0e-52e5-324f-1bf7092df015.png,small_photos-api_upload,0,2022_05_24-19_21_49
4187,e215e98a-653f-6162-3c61-5fda0331f20a.png,small_photos-api_upload,0,2022_05_24-19_19_03
4195,785bf73a-0564-a333-5cd8-84e39ede45cd.png,small_photos-api_upload,0,2022_05_24-18_38_14
4197,bb5f19e4-e714-5c3d-9ab2-53768aa76113.png,small_photos-api_upload,1,2022_05_24-18_52_05
4217,688b3b77-1041-9d1b-34e2-5d5621f1b7b4.png,small_photos-api_upload,0,2022_05_24-18_34_17
4222,201b77a4-08e1-c872-e0cd-3684f3182082.png,small_photos-api_upload,0,2022_05_24-19_36_36
4237,db805243-8a2d-e04a-bf9a-d0e579d3330b.png,small_photos-api_upload,0,2022_05_24-18_44_13
4249,1f47decd-d615-43a2-1d29-142ec880f562.png,small_photos-api_upload,1,2022_05_24-19_17_11
4257,2755685d-993c-3a25-7923-7438b868bd2e.png,small_photos-api_upload,0,2022_05_24-17_58_48
4258,2755685d-993c-3a25-7923-7438b868bd2e.png,small_photos-api_upload,0,2022_05_24-18_31_23
4261,2d344686-adb6-e025-1b72-f075149c8000.png,small_photos-api_upload,1,2022_05_24-19_32_07
4267,d14c8f82-7e03-ff63-e9bb-4fc2c468e441.png,small_photos-api_upload,1,2022_05_24-19_06_34
4285,950a5dad-124c-cb78-1922-d4aae2403cac.png,small_photos-api_upload,0,2022_05_24-17_46_18
4293,b43d4968-9a2b-ef18-5cd9-3c43fc14cec5.png,small_photos-api_upload,0,2022_05_24-19_02_11
4338,b45f7093-6705-18c3-cc38-ee2e44eb518d.png,small_photos-api_upload,0,2022_05_24-18_49_50
4348,1e9c6c48-2cfe-5a05-121d-2cdae3427c47.png,small_photos-api_upload,0,2022_05_24-17_26_43
4476,69d5629d-3af2-397c-5597-928bbd318f22.png,small_photos-api_upload,0,2022_05_24-18_29_24
4483,b0467052-b0a9-4872-418b-ffaa070f9669.png,small_photos-api_upload,0,2022_05_24-18_29_31
4498,a1590445-83f6-212c-edc7-d662814974f3.png,small_photos-api_upload,0,2022_05_24-17_22_26
4508,c18c90b2-6ddf-5240-a115-a73015885f84.png,small_photos-api_upload,0,2022_05_24-18_26_43
4509,7fed3382-34a5-d9de-af0f-18c3d3d3fd06.png,small_photos-api_upload,0,2022_05_24-17_52_07
4534,882e9457-6b98-45e2-f71e-0643a6c5abae.png,small_photos-api_upload,0,2022_05_24-18_21_00
4574,e4491f1f-1a2c-9225-2be4-01b9f165a32c.png,small_photos-api_upload,1,2022_05_24-20_09_19
4597,1b7f920e-62a3-b412-ed2a-a337593627ca.png,small_photos-api_upload,0,2022_05_24-19_01_23
4599,d9362591-d27c-94df-e559-5745730fddba.png,small_photos-api_upload,1,2022_05_24-18_54_20
4600,03a2e7a8-23c7-fec9-bfbb-3dc28800269c.png,small_photos-api_upload,0,2022_05_24-17_40_12
4611,db7708fa-a845-35a2-7b21-9958a02f165e.png,small_photos-api_upload,1,2022_05_24-18_37_16
4614,db7708fa-a845-35a2-7b21-9958a02f165e.png,small_photos-api_upload,1,2022_05_24-18_36_10
4616,db7708fa-a845-35a2-7b21-9958a02f165e.png,small_photos-api_upload,0,2022_05_24-18_15_58
4617,db7708fa-a845-35a2-7b21-9958a02f165e.png,small_photos-api_upload,0,2022_05_24-18_55_38
4626,c49df5ea-0467-2c6c-fb0c-9437bce4e955.png,small_photos-api_upload,1,2022_05_24-18_32_42
4627,c49df5ea-0467-2c6c-fb0c-9437bce4e955.png,small_photos-api_upload,0,2022_05_24-19_04_50
4639,fb2e225b-7a70-6673-3b79-0d3e89634127.png,small_photos-api_upload,1,2022_05_24-18_16_07
4650,93315002-59d4-12f4-49a4-6b80f1dee89b.png,small_photos-api_upload,0,2022_05_24-18_48_01
4653,93315002-59d4-12f4-49a4-6b80f1dee89b.png,small_photos-api_upload,1,2022_05_24-18_48_11
4655,93315002-59d4-12f4-49a4-6b80f1dee89b.png,small_photos-api_upload,1,2022_05_24-19_03_15
4695,d47591e2-a242-4afd-52a8-bbb0ba7a7634.png,small_photos-api_upload,0,2022_05_24-18_12_55
4721,e003c9c6-5d3a-b2f9-d1c6-234131ddbbdb.png,small_photos-api_upload,1,2022_05_24-18_26_15
4732,18f22bfd-788c-2615-181a-c79e5b92039d.png,small_photos-api_upload,0,2022_05_24-17_40_50
4742,57dd50d5-c8ea-695a-70e8-3988af6fa88b.png,small_photos-api_upload,0,2022_05_24-19_18_00
4752,e07090ea-34a0-ffb0-c3df-227af6d82525.png,small_photos-api_upload,0,2022_05_24-19_02_08
4770,8619ae7e-f078-719a-90aa-1831af247077.png,small_photos-api_upload,0,2022_05_24-18_34_03
4777,bf1d6411-53ad-41ad-78a7-c4d505d00dbd.png,small_photos-api_upload,0,2022_05_24-19_29_30
4788,5f22e85c-5151-d6ed-59eb-d0a90b4e73d9.png,small_photos-api_upload,1,2022_05_24-18_56_39
4795,0b89f78f-94c0-25d3-ebaf-36865aed620b.png,small_photos-api_upload,0,2022_05_24-19_30_31
4799,ebb24c4d-6267-44a9-bfe9-ca492b1cb8f0.png,small_photos-api_upload,0,2022_05_24-18_07_20
4805,ec8f851d-bb11-aa4b-bcd4-cfddb6ab6143.png,small_photos-api_upload,0,2022_05_24-18_54_46
4810,d883f6bb-2a97-a096-a6cb-4c1ff2b943f3.png,small_photos-api_upload,0,2022_05_24-17_21_57
4834,ac5e0b41-fdea-0dc8-be4e-fa62579ab834.png,small_photos-api_upload,0,2022_05_24-17_19_27
4835,34b6d071-d0e3-40d8-eafa-e1d6e97bbaa1.png,small_photos-api_upload,0,2022_05_24-19_28_37
4839,76578cb8-0f3e-598c-af0e-09d62e3193a1.png,small_photos-api_upload,0,2022_05_24-18_55_26
4864,fe1cf950-7f0e-9e34-1401-c6286b904ae6.png,small_photos-api_upload,1,2022_05_24-19_08_10
4871,b9e87ec8-0e82-a3be-a093-886ce0e7fe77.png,small_photos-api_upload,0,2022_05_24-18_12_52
4874,cb74f685-7048-ec28-2ed1-0f0853d4be55.png,small_photos-api_upload,0,2022_05_24-19_31_39
4891,e3407631-7951-5934-ea81-cc51d8c71186.png,small_photos-api_upload,0,2022_05_24-18_33_55
4902,e0bfe509-901e-858e-83cb-25f50d3b1638.png,small_photos-api_upload,0,2022_05_24-18_33_31
4928,2faab9a3-8622-a8a0-ff55-e1bfa1abec07.png,small_photos-api_upload,0,2022_05_24-17_44_01
4954,4838b754-6714-0d3f-03f5-bdb47c2be25a.png,small_photos-api_upload,1,2022_05_24-18_25_52
4958,9ef0d047-7be1-1a4c-7eab-1c274df7dca0.png,small_photos-api_upload,1,2022_05_24-19_11_01
4990,6b9f84d9-ae13-bbef-a527-971d55bb8b3a.png,small_photos-api_upload,0,2022_05_24-19_00_59
5001,88f66122-3d8a-52d6-6cd6-6e915fdd0f9b.png,small_photos-api_upload,0,2022_05_24-17_41_57
5002,5c79618a-f404-027e-69a3-7c8d711d112f.png,small_photos-api_upload,1,2022_05_24-19_32_58
5003,cc979c8b-1153-8467-db69-3b19f41457a6.png,small_photos-api_upload,0,2022_05_24-17_21_15
5011,bd116b6b-1084-8ae2-4d07-ef6574f5406f.png,small_photos-api_upload,1,2022_05_24-19_00_39
5024,c04fe6b0-22fd-2c87-1826-71ad917873fb.png,small_photos-api_upload,0,2022_05_24-18_32_31
5032,7778a0a9-d4d6-4b1d-40cb-b36d2b9f980f.png,small_photos-api_upload,0,2022_05_24-18_17_41
5039,16ac8d52-174b-aad9-781d-6e088f07fe2b.png,small_photos-api_upload,0,2022_05_24-17_42_49
5042,0741dca2-4fd9-75b3-26ae-8d2446c843ad.png,small_photos-api_upload,0,2022_05_24-18_21_30
5062,0f94dc08-722d-d758-211b-59c2c5452971.png,small_photos-api_upload,1,2022_05_24-19_06_55
5064,df5e7138-c9af-5170-6cd4-5b83680b7061.png,small_photos-api_upload,0,2022_05_24-18_13_21
5111,8f5e7e44-76aa-c5fa-c05d-09a5f8534151.png,small_photos-api_upload,0,2022_05_24-18_47_14
5122,0cafb00d-54ec-b5ba-98e4-7f66e6d22013.png,small_photos-api_upload,0,2022_05_24-19_27_25
5138,4f3477c2-bf57-d6ad-6b9c-66fdf7771793.png,small_photos-api_upload,0,2022_05_24-18_36_32
5140,a7d75e2e-b4ba-2722-8e8e-c718a91d6891.png,small_photos-api_upload,0,2022_05_24-18_24_24
5207,156f7891-099e-41c0-b28d-8f2a19ff456d.png,small_photos-api_upload,0,2022_05_24-18_05_10
5211,44b24de8-c6ed-2e70-9f77-4c5d2de7643f.png,small_photos-api_upload,0,2022_05_24-19_00_53
5229,f62a94a3-b176-5771-0d08-f291c249eb65.png,small_photos-api_upload,0,2022_05_24-17_34_57
5258,9a337c22-f32f-9e96-e667-3e017105bd5f.png,small_photos-api_upload,0,2022_05_24-18_47_40
5263,fdf70a34-798f-4b1f-cb72-7b027a4e305a.png,small_photos-api_upload,1,2022_05_24-17_54_39
5283,1044e0a3-5d6e-1627-420d-0d0394710184.png,small_photos-api_upload,0,2022_05_24-18_02_51
5289,9519cc4a-3a52-d4a4-234d-1a03320a26f2.png,small_photos-api_upload,0,2022_05_24-19_14_12
5345,bc36fb28-e777-55fc-fd97-d2e0cce37c66.png,small_photos-api_upload,1,2022_05_24-18_58_07
5359,10d24f59-e8aa-7bb7-23bc-e5d937262802.png,small_photos-api_upload,1,2022_05_24-18_56_52
5384,e332b06c-95e4-9516-00c7-e47b4059ff6f.png,small_photos-api_upload,0,2022_05_24-18_25_06
5393,d7c08cf3-1d23-ed82-c49d-cbc48f0ac595.png,small_photos-api_upload,0,2022_05_24-18_52_14
5415,77ebe5f9-3486-d652-374b-6df29ad040a0.png,small_photos-api_upload,0,2022_05_24-19_16_34
5418,825144a0-1d8c-d3f2-165d-f956ab4e2aef.png,small_photos-api_upload,1,2022_05_24-17_39_05
5420,bbc1cacd-cc8b-261a-1d83-878029f54c6f.png,small_photos-api_upload,1,2022_05_24-18_56_14
5422,bbc1cacd-cc8b-261a-1d83-878029f54c6f.png,small_photos-api_upload,1,2022_05_24-19_33_36
5432,5ef42022-6668-d66c-fd2c-46950096fea8.png,small_photos-api_upload,0,2022_05_24-17_56_14
5438,36f0e70f-b7bd-55cd-5c00-e6f38e8991e2.png,small_photos-api_upload,0,2022_05_24-18_46_39
5439,36f0e70f-b7bd-55cd-5c00-e6f38e8991e2.png,small_photos-api_upload,1,2022_05_24-19_15_29
5443,564891d2-5fad-0b84-af85-e8e70f8475d1.png,small_photos-api_upload,0,2022_05_24-18_48_26
5444,cd8060e0-b0f6-4065-e3df-443dd31a854b.png,small_photos-api_upload,0,2022_05_24-17_43_49
5448,ea15b1c7-d8d2-d02a-617b-3307a08ff966.png,small_photos-api_upload,0,2022_05_24-19_05_03
5476,9a387d6c-34b0-a71a-ad7b-68733100e22f.png,small_photos-api_upload,1,2022_05_24-18_56_31
5480,120c8454-c345-ed37-ca53-7ddda6034bc1.png,small_photos-api_upload,1,2022_05_24-18_10_28
5482,7464c967-b8c4-790f-2c7c-541227e4b0e8.png,small_photos-api_upload,1,2022_05_24-19_37_10
5483,6bb58565-530d-0b1d-0bbf-8803bd3e1ada.png,small_photos-api_upload,0,2022_05_24-19_16_46
5487,853b1614-19fc-c4b6-1236-76649f45a245.png,small_photos-api_upload,0,2022_05_24-17_20_31
5497,2b8d8a21-07a8-1c91-f89f-a99312b3010c.png,small_photos-api_upload,0,2022_05_24-17_47_25
5526,7d8ab1cc-e6ec-82d1-578d-3281d93b5a1d.png,small_photos-api_upload,0,2022_05_24-17_35_34
5541,3f7aed6a-de73-263e-3525-5240d9082c64.png,small_photos-api_upload,0,2022_05_24-18_51_44
5554,bdc3de7c-c8da-9f7a-4dfd-c4bc12737d28.png,small_photos-api_upload,0,2022_05_24-18_28_04
5557,86ea0751-288f-bcad-7263-54f72e034fcb.png,small_photos-api_upload,0,2022_05_24-17_20_47
5558,86ea0751-288f-bcad-7263-54f72e034fcb.png,small_photos-api_upload,0,2022_05_24-18_10_05
5571,617cfe05-3896-ca21-3766-1bd458c59cad.png,small_photos-api_upload,0,2022_05_24-18_55_51
5581,7ebb3175-2469-149b-c4eb-4b779bfd7f06.png,small_photos-api_upload,0,2022_05_24-18_30_57
5586,8674f004-9ad5-717c-cb5b-52f7bfdc732a.png,small_photos-api_upload,1,2022_05_24-18_59_02
5589,e6d50c33-541f-3d0e-4b34-1c84177d5e80.png,small_photos-api_upload,0,2022_05_24-18_47_32
5612,4ce0b27f-f58e-7c57-69d8-66c953471b82.png,small_photos-api_upload,0,2022_05_24-17_40_22
5613,12557b0a-2bdb-5f1b-e479-66d968f0f793.png,small_photos-api_upload,0,2022_05_24-19_26_19
5617,8f3e59d4-68ae-d613-cc0d-46b99a35027c.png,small_photos-api_upload,0,2022_05_24-19_17_15
5636,b60755a0-2b24-ca31-4283-82b8de838536.png,small_photos-api_upload,0,2022_05_24-17_56_22
5673,daf90692-0549-fc03-c0f0-2f5ddc73a19a.png,small_photos-api_upload,1,2022_05_24-19_06_28
5684,8a301ff8-d85c-00d3-2c92-183509f2854a.png,small_photos-api_upload,1,2022_05_24-18_31_01
5691,df8e39cc-432b-7c82-7f09-aa185e4804dd.png,small_photos-api_upload,0,2022_05_24-17_53_46
5693,0d53f487-21c2-9d11-9cf3-bb8a4df900fa.png,small_photos-api_upload,0,2022_05_24-17_55_05
5728,79daa357-11ce-56e2-5f8b-0aba4de51b3d.png,small_photos-api_upload,1,2022_05_24-17_41_32
5729,79daa357-11ce-56e2-5f8b-0aba4de51b3d.png,small_photos-api_upload,1,2022_05_24-18_13_34
5765,038272b4-693e-71c1-5ea6-01f5790a3176.png,small_photos-api_upload,0,2022_05_24-18_59_17
5769,37acc99b-916a-e30d-92f2-558bc4045085.png,small_photos-api_upload,1,2022_05_24-18_24_41
5823,0f628d48-0fed-0ad8-1759-1bedda6ca3cf.png,small_photos-api_upload,1,2022_05_24-17_41_24
5827,88d538f6-b1b1-9191-91f1-8c4687ec8d28.png,small_photos-api_upload,1,2022_05_24-19_13_33
5843,f3653ccd-d9cb-f7fb-afc5-b3775801ad60.png,small_photos-api_upload,0,2022_05_24-18_42_20
5846,6897ab79-a02d-e6b8-6b1a-9c9900afa705.png,small_photos-api_upload,0,2022_05_24-17_53_53
5855,3c9c2ff0-8a5e-5fce-7dbe-1aa40aff7a34.png,small_photos-api_upload,0,2022_05_24-19_19_50
5858,a73e2331-a449-af38-6a14-a2d73b9ecd3a.png,small_photos-api_upload,1,2022_05_24-19_29_43
5878,cb567d12-6ace-1770-23df-b15193607862.png,small_photos-api_upload,0,2022_05_24-17_45_02
5887,79daa357-11ce-56e2-5f8b-0aba4de51b3d.png,small_photos-api_upload,1,2022_05_24-18_25_48
5897,8e68fd47-ec92-89de-84dc-f58007b51c12.png,small_photos-api_upload,0,2022_05_24-19_33_09
5910,a7bec4fa-049c-4dc1-4fd0-2da352c8e9ea.png,small_photos-api_upload,0,2022_05_24-18_45_39
5914,f08813f8-8fc6-3091-0df5-d1bf0897b742.png,small_photos-api_upload,0,2022_05_24-18_46_16
5936,189a38c5-96c8-2928-29ca-10511950b3f4.png,small_photos-api_upload,0,2022_05_24-19_10_17
5937,fddedd26-597e-245c-13e9-17465e650849.png,small_photos-api_upload,0,2022_05_24-18_02_45
5942,aab6ca39-c58e-2de8-8098-f14a811544ef.png,small_photos-api_upload,0,2022_05_24-18_17_09
5955,bc1f2094-75f6-0e50-f6fc-5e57bdb9ebf1.png,small_photos-api_upload,0,2022_05_24-19_29_54
5966,0e88f1d5-7a02-b285-b833-96502c5cb7cf.png,small_photos-api_upload,0,2022_05_24-18_28_21
6000,74c29d85-696a-ef08-3232-5cc071cb1cb9.png,small_photos-api_upload,0,2022_05_24-19_36_45
6008,0455f850-1cee-76e6-a90c-cc6ab108845f.png,small_photos-api_upload,0,2022_05_24-17_15_57
6015,277f6ade-f1bf-f3e5-e0a6-05dd094472f7.png,small_photos-api_upload,1,2022_05_24-19_11_16
6018,459d073b-7cae-0554-30c3-67c16d1fd75e.png,small_photos-api_upload,0,2022_05_24-17_20_38
6025,b189a57a-5741-46b1-2745-7833705e0007.png,small_photos-api_upload,0,2022_05_24-17_40_06
6044,2a4f88b1-b27b-8e92-b029-6518680b5373.png,small_photos-api_upload,0,2022_05_24-18_22_14
6057,cb9fe3cc-a8be-42a7-79f0-7a0df85233fd.png,small_photos-api_upload,0,2022_05_24-18_18_48
6092,cb9fd867-e874-3b33-96ce-fcec1b3cfc10.png,small_photos-api_upload,0,2022_05_24-18_25_58
6104,8eddba99-97ea-fbe8-8dce-5437cea198d6.png,small_photos-api_upload,1,2022_05_24-19_35_21
6114,54cfb527-4ec4-2d09-20d3-de8a0dadc33e.png,small_photos-api_upload,0,2022_05_24-19_08_00
6125,586e5a56-4537-c4bf-72d0-c9026e646a6a.png,small_photos-api_upload,0,2022_05_24-18_14_04
6129,30250b9c-5717-f9ef-353b-5557f746d3f1.png,small_photos-api_upload,0,2022_05_24-18_08_51
6140,942fda24-6b50-06fa-76b3-89a4e5dbe190.png,small_photos-api_upload,1,2022_05_24-18_24_16
6164,b0f2ddf4-fd18-914a-ab02-ecf60a40dfff.png,small_photos-api_upload,1,2022_05_24-19_26_26
6178,61de347a-9bed-987a-9aec-332bc79f6b7b.png,small_photos-api_upload,0,2022_05_24-17_21_24
6186,08b492fa-bbb0-e3bc-76c9-2f03f78c7163.png,small_photos-api_upload,1,2022_05_24-19_12_51
6213,f1fad2c2-8464-a7cb-85b4-d1e09ddf6341.png,small_photos-api_upload,1,2022_05_24-18_09_51
6215,705d1f39-d894-afea-1d2c-c4dbda4f57f9.png,small_photos-api_upload,0,2022_05_24-18_07_49
6218,dd3a4217-f972-415f-e129-6b59939b4023.png,small_photos-api_upload,0,2022_05_24-17_30_04
6221,5cc5d946-a96c-bb3d-a426-7bfaea00b4da.png,small_photos-api_upload,0,2022_05_24-18_45_58
6232,fdc03ebd-216d-c8a4-27eb-8cfe883bd89a.png,small_photos-api_upload,0,2022_05_24-18_11_59
6235,bf54fe54-f32f-f1c1-7dc9-33cdfebe6011.png,small_photos-api_upload,0,2022_05_24-18_47_45
6237,dcdf9164-0d14-d564-5e62-efd5e6ce774b.png,small_photos-api_upload,0,2022_05_24-17_47_45
6239,1d0b2288-9a5d-bb2c-809e-45b40380576e.png,small_photos-api_upload,0,2022_05_24-18_07_32
6246,7ea86f30-8b95-802e-7749-94fd8677833f.png,small_photos-api_upload,0,2022_05_24-19_22_42
6302,d30e3222-e0c0-00a1-eefc-b531e701111a.png,small_photos-api_upload,1,2022_05_24-19_26_12
6326,5b39b82f-e005-dd07-c56f-9d10e90cd844.png,small_photos-api_upload,0,2022_05_24-18_43_20
6365,4a9e0e7a-0ad3-37d0-1a20-60274f8ceafa.png,small_photos-api_upload,0,2022_05_24-18_37_08
6371,8ac9d343-3b81-813d-9390-c934604a59d4.png,small_photos-api_upload,0,2022_05_24-18_05_17
6400,3c1e2ad2-5e3b-13ef-16b8-b9432620334e.png,small_photos-api_upload,1,2022_05_24-18_10_33
6425,81e8f1e7-326d-579c-2e1c-5f180e7e8e30.png,small_photos-api_upload,0,2022_05_24-18_55_07
6431,78e1c3a5-116f-cc66-9932-fbcbeeb880d8.png,small_photos-api_upload,0,2022_05_24-18_05_06
6432,d6ca34d1-1b7b-5809-1e02-aa2ab60e4e74.png,small_photos-api_upload,0,2022_05_24-19_11_12
6468,c1d88bc0-7c03-d36f-c42a-fcfda55cb7c7.png,small_photos-api_upload,0,2022_05_24-18_45_36
6492,b481efe7-14a0-f8d9-20fd-4abb8f1fb7db.png,small_photos-api_upload,0,2022_05_24-19_00_30
6506,215848f4-210e-0d0c-600b-b25a3c07b66e.png,small_photos-api_upload,1,2022_05_24-18_05_38
6507,d6b1957a-f261-db36-86f6-11b0d4c8e498.png,small_photos-api_upload,1,2022_05_24-19_27_30
6512,1de92d62-aa72-73b4-0eb2-1f20b786ca6d.png,small_photos-api_upload,0,2022_05_24-18_27_51
6517,007d9074-6ec9-095a-34aa-df257b820f0c.png,small_photos-api_upload,0,2022_05_24-19_30_55
6519,cfde1c72-7492-08d8-3af8-6d5cd6e45c11.png,small_photos-api_upload,0,2022_05_24-18_42_50
6561,c38aefcf-9dda-c52c-fe90-451ddd850512.png,small_photos-api_upload,0,2022_05_24-19_14_55
6568,a646d60f-54fc-13a8-c29c-a20bd995af57.png,small_photos-api_upload,1,2022_05_24-19_08_48
6575,7bcbc710-a93c-754e-6ab0-761046a9b75b.png,small_photos-api_upload,0,2022_05_24-19_06_05
6588,e8a25ee6-bcc3-ce30-6f84-ab1e0de7b051.png,small_photos-api_upload,0,2022_05_24-19_24_45
6590,f1bbe6c4-cb9a-0386-1c8f-4033f51c004b.png,small_photos-api_upload,1,2022_05_24-18_53_52
6639,45ee54b5-5132-8323-b71b-d5485d8fb653.png,small_photos-api_upload,0,2022_05_24-19_07_34
6656,92b1267e-7c66-4096-c3a6-1e038a8528ee.png,small_photos-api_upload,0,2022_05_24-17_18_08
6666,dc7c9adc-4e8d-3825-2ea3-00e0215810dd.png,small_photos-api_upload,0,2022_05_24-19_25_22
6669,c1799065-f177-7154-e534-4ca51df0a654.png,small_photos-api_upload,0,2022_05_24-18_55_04
6688,57ca9d8f-a629-e026-dd9b-72a29a40747e.png,small_photos-api_upload,0,2022_05_24-19_15_17
6745,3469cca4-0049-90f1-a9e5-86ff4b0ae9d6.png,small_photos-api_upload,0,2022_05_24-19_19_22
6752,8b31929b-2f25-0ddb-6909-8cf3465d67db.png,small_photos-api_upload,0,2022_05_24-17_44_45
6761,fb412b92-1774-92b2-c2b0-80890414827f.png,small_photos-api_upload,0,2022_05_24-19_29_21
6767,d7bd7cf0-db4b-5f7b-0d24-b67dc72b269f.png,small_photos-api_upload,0,2022_05_24-18_18_33
6787,108c7576-b02a-d8fb-5f70-c67c2c5f76f2.png,small_photos-api_upload,1,2022_05_24-20_07_51
6792,cbb9f0eb-f442-ce65-9cdc-2f1ef1437aa3.png,small_photos-api_upload,0,2022_05_24-18_34_12
6796,1ca618b5-7fff-95c0-6796-5cf21c489761.png,small_photos-api_upload,1,2022_05_24-18_46_55
6799,d6cb866c-d4ee-0c29-4631-666e64632275.png,small_photos-api_upload,1,2022_05_24-17_53_36
6801,fe5b04fb-6434-d7ae-c20f-26a91e986a81.png,small_photos-api_upload,0,2022_05_24-19_24_14
6802,7f1c0d51-8f6c-a5c5-a616-33f16045849e.png,small_photos-api_upload,0,2022_05_24-17_52_46
6803,7f1c0d51-8f6c-a5c5-a616-33f16045849e.png,small_photos-api_upload,0,2022_05_24-18_43_53
6808,3e4a3c5c-0d3b-3cad-a140-68e6a6a7f460.png,small_photos-api_upload,0,2022_05_24-18_04_40
6837,4699584a-6491-6e65-0a99-77367dbacd30.png,small_photos-api_upload,0,2022_05_24-18_24_45
6861,87764eef-0418-2737-3454-0b97961241e9.png,small_photos-api_upload,1,2022_05_24-18_42_46
6902,abb17234-b56a-8d1f-3d89-f71b96fdfb0c.png,small_photos-api_upload,0,2022_05_24-18_28_45
6915,54d4e870-9e7c-7b06-a674-37026deafefe.png,small_photos-api_upload,0,2022_05_24-19_34_55
6921,4e7a54cc-8e35-80cd-dafa-797c3b7b04d4.png,small_photos-api_upload,0,2022_05_24-17_28_28
6984,19d2b576-733c-2834-ca18-8adb4ffd15f1.png,small_photos-api_upload,1,2022_05_24-18_59_59
6985,19d2b576-733c-2834-ca18-8adb4ffd15f1.png,small_photos-api_upload,0,2022_05_24-19_33_54
7020,620a3bc1-4f86-0c8c-0833-09b0101756ce.png,small_photos-api_upload,0,2022_05_24-19_20_24
7024,b1a111a3-de37-0f78-79b2-e266b96eb17f.png,small_photos-api_upload,0,2022_05_24-19_16_54
7026,4727cd63-a963-471d-efe2-8070e31e432c.png,small_photos-api_upload,0,2022_05_24-17_50_32
7028,4727cd63-a963-471d-efe2-8070e31e432c.png,small_photos-api_upload,0,2022_05_24-18_44_06
7036,b9b9e8ee-0df6-2f08-cf83-b4f2aca3cc8e.png,small_photos-api_upload,0,2022_05_24-19_30_46
7038,dd3eef7c-71a1-4305-06c3-532c250f62ee.png,small_photos-api_upload,0,2022_05_24-17_58_22
7049,40821dcb-351f-79f0-17ac-f0ecf96151f2.png,small_photos-api_upload,0,2022_05_24-18_01_13
7098,84547b94-6612-a40e-fd9f-acbc44214186.png,small_photos-api_upload,0,2022_05_24-18_59_13
7104,4946c111-7c75-0a7d-9577-9a80ac4aa575.png,small_photos-api_upload,0,2022_05_24-19_04_47
7118,14a3f9e5-e54d-9422-f3f1-060fb0335d13.png,small_photos-api_upload,0,2022_05_24-17_51_26
7121,35c46189-d5d9-c5dc-cda9-3fb04271a9b4.png,small_photos-api_upload,0,2022_05_24-18_56_34
7184,c71359a5-2a88-e5fa-c603-8713f07ad4e2.png,small_photos-api_upload,0,2022_05_24-17_58_34
7201,7cca2164-d163-9e8c-6b1c-ca50d49b882e.png,small_photos-api_upload,1,2022_05_24-19_07_22
7213,e253d3bf-0a44-b7f8-fcab-e5dcbe7144df.png,small_photos-api_upload,0,2022_05_24-19_36_15
7216,6003e57a-fe66-3b22-3dac-87c07118409a.png,small_photos-api_upload,1,2022_05_24-17_58_28
7221,1de92d62-aa72-73b4-0eb2-1f20b786ca6d.png,small_photos-api_upload,0,2022_05_24-17_47_30
7230,bcfcee4d-d4a4-c2e1-166a-e5de0ede6ae6.png,small_photos-api_upload,0,2022_05_24-18_58_33
7232,d15e0222-1707-cd42-c249-840c65460436.png,small_photos-api_upload,1,2022_05_24-17_54_11
7252,43991525-467c-34c6-6f64-2bd1c3fc6661.png,small_photos-api_upload,0,2022_05_24-17_33_08
7253,43991525-467c-34c6-6f64-2bd1c3fc6661.png,small_photos-api_upload,0,2022_05_24-17_43_54
7266,72cfbc19-48c4-142d-4dd6-9457c273c852.png,small_photos-api_upload,0,2022_05_24-18_45_53
7269,461f375c-fc12-3c0d-c24d-b4a762b94bfe.png,small_photos-api_upload,1,2022_05_24-17_39_41
7271,48ee6a77-98d8-6e5a-55c3-6bcc0ec13182.png,small_photos-api_upload,0,2022_05_24-18_07_01
7292,c32b9820-1d2d-94c4-0fba-48cb6b4e076c.png,small_photos-api_upload,0,2022_05_24-17_34_47
7301,9eb1215e-e040-524e-b685-a8595f158937.png,small_photos-api_upload,0,2022_05_24-19_29_17
7364,e2f7f96e-fe18-829d-f0f5-825cae5c48fb.png,small_photos-api_upload,0,2022_05_24-17_37_50
7397,a468d2f4-be5b-94c5-691c-7ec423320eaf.png,small_photos-api_upload,0,2022_05_24-19_05_06
7398,1c2f4b93-5e6b-047b-7598-7c23d448387f.png,small_photos-api_upload,1,2022_05_24-17_54_21
7401,0462a035-8aee-d899-72ed-55c9329bea5a.png,small_photos-api_upload,0,2022_05_24-17_30_26
7411,d8a114b6-7769-7503-8041-713d77cb9703.png,small_photos-api_upload,0,2022_05_24-19_03_58
7437,750d2582-a683-a8f5-6f7f-d06197f3cf65.png,small_photos-api_upload,1,2022_05_24-17_34_40
7462,686f5f0d-bf46-96c5-6ff8-40e98dd07d1f.png,small_photos-api_upload,0,2022_05_24-18_39_18
7463,77535de9-e84f-b336-f32e-26eb7812d3d5.png,small_photos-api_upload,1,2022_05_24-18_22_40
7483,fd032d25-8e43-1de2-1781-ad2d064e6f8f.png,small_photos-api_upload,1,2022_05_24-19_27_46
7496,3fc922ea-c845-3dc1-9ef4-86d9336b6fc1.png,small_photos-api_upload,0,2022_05_24-17_38_58
7505,de75e0be-3012-59f4-ff98-bd4c678b2ad1.png,small_photos-api_upload,0,2022_05_24-19_11_20
7516,a055d7b7-9f7b-c856-b03b-2c45b9be95fc.png,small_photos-api_upload,0,2022_05_24-18_22_20
7520,a4b8712b-7256-ad23-863d-655eebf2acf1.png,small_photos-api_upload,0,2022_05_24-18_20_13
7533,9f5c4818-ae69-95bb-8e1c-50d91a5185f7.png,small_photos-api_upload,0,2022_05_24-18_11_55
7535,046f105b-0659-e8d6-5b6f-d462f9df8e22.png,small_photos-api_upload,1,2022_05_24-17_51_17
7543,77535de9-e84f-b336-f32e-26eb7812d3d5.png,small_photos-api_upload,1,2022_05_24-19_32_24
7557,bcfcee4d-d4a4-c2e1-166a-e5de0ede6ae6.png,small_photos-api_upload,0,2022_05_24-17_47_35
7574,22b66acf-e98d-cd96-da1d-a6b5f64b0c44.png,small_photos-api_upload,0,2022_05_24-18_56_02
7577,39f08586-6224-be7c-455b-27b42107d1d2.png,small_photos-api_upload,0,2022_05_24-18_04_56
7578,e2f7f96e-fe18-829d-f0f5-825cae5c48fb.png,small_photos-api_upload,0,2022_05_24-18_08_37
7581,f04f4a37-9bdb-ec9b-af8b-e27c633189c8.png,small_photos-api_upload,0,2022_05_24-19_23_56
7617,afc0e4d0-3b13-f56c-1bde-73ff65d7c71d.png,small_photos-api_upload,0,2022_05_24-17_43_02
7619,afc0e4d0-3b13-f56c-1bde-73ff65d7c71d.png,small_photos-api_upload,0,2022_05_24-17_56_18
7621,2983cef5-f900-6067-a3c3-e754364aa5f9.png,small_photos-api_upload,0,2022_05_24-19_17_05
7626,ac8d53e3-3053-6ebf-9f7a-00f941f6041b.png,small_photos-api_upload,1,2022_05_24-18_23_05
7628,f20b4dfe-45de-655f-9a73-38ed95525a30.png,small_photos-api_upload,0,2022_05_24-18_02_14
7655,c6405dd6-f1a8-6156-e1c6-51112f87eec3.png,small_photos-api_upload,0,2022_05_24-17_33_01
7681,d8546a79-0d2b-4b58-d909-50f80eb28a66.png,small_photos-api_upload,0,2022_05_24-18_21_06
7700,18864783-7b74-ee4f-1bde-82bae3aba3d7.png,small_photos-api_upload,1,2022_05_24-19_09_19
7702,039886f0-0a1d-7e11-ecfb-2a058e16da7c.png,small_photos-api_upload,0,2022_05_24-17_37_16
7744,df69cf7d-c2b0-755d-293d-22d05fb3b5ab.png,small_photos-api_upload,1,2022_05_24-18_36_50
7779,1c0ab5a9-1f19-2297-5f50-c231d75a2e12.png,small_photos-api_upload,0,2022_05_24-18_41_41
7782,89bfaf7b-3564-64eb-8766-2021fb979fa1.png,small_photos-api_upload,0,2022_05_24-19_23_17
7788,d8e561fa-de6c-9015-14a2-268453e4c8ce.png,small_photos-api_upload,0,2022_05_24-18_45_28
7818,aa010a1e-e845-09d9-ce86-ccf8d186f867.png,small_photos-api_upload,1,2022_05_24-19_16_38
7846,e50fdeed-a902-fadc-d129-c919cf5fd5ce.png,small_photos-api_upload,1,2022_05_24-18_18_04
7850,a5f12c24-5428-2a5a-4504-3fe216daa8ea.png,small_photos-api_upload,0,2022_05_24-17_49_55
7856,d95a7a68-3e46-9886-3b5f-b1e90be2d1d5.png,small_photos-api_upload,0,2022_05_24-18_21_48
7857,d95a7a68-3e46-9886-3b5f-b1e90be2d1d5.png,small_photos-api_upload,0,2022_05_24-18_21_35
7872,ad8d195f-eedb-1f25-a8d2-6d7f1821cc1c.png,small_photos-api_upload,1,2022_05_24-19_01_04
7882,d661557f-fbaa-0507-b3c5-2bb595f36456.png,small_photos-api_upload,1,2022_05_24-19_24_21
7925,d277dd24-ba2f-52a5-2bf5-1a7c1ab83c51.png,small_photos-api_upload,0,2022_05_24-18_47_24
7929,be117c0d-dfef-8a75-7699-3d6fb2f23e36.png,small_photos-api_upload,1,2022_05_24-17_58_14
7935,a35b38ee-ee85-d448-3085-4bddd061453e.png,small_photos-api_upload,0,2022_05_24-17_18_19
7959,ddb7e4b7-62dc-726b-670e-7530596782f3.png,small_photos-api_upload,1,2022_05_24-18_53_13
7962,b38baa4a-e9bd-6b3f-af7b-b2ac4c7cc7ea.png,small_photos-api_upload,0,2022_05_24-18_58_15
7970,e6d774e7-cc67-678c-e86e-c1f2f5f8df79.png,small_photos-api_upload,0,2022_05_24-17_27_32
7972,866d8462-2ea7-cb0c-2462-19f02fb36eba.png,small_photos-api_upload,1,2022_05_24-18_11_42
7987,31ae3092-e27c-fd48-ebb0-19108e787853.png,small_photos-api_upload,0,2022_05_24-18_00_43
7989,03138458-e3b7-5778-d5ab-48a7d7d2bdb6.png,small_photos-api_upload,0,2022_05_24-19_01_54
8007,0f78e369-ae81-5b67-a47b-49e1a1e0e149.png,small_photos-api_upload,0,2022_05_24-18_18_20
8009,9790437a-ef70-77c8-aaa7-2b475cf087fb.png,small_photos-api_upload,0,2022_05_24-17_35_16
8010,c6a78ce5-ba4e-3e1b-968d-69e9d2f3a038.png,small_photos-api_upload,0,2022_05_24-18_19_19
8014,375a352c-d9e5-ef69-4aba-c970527533bb.png,small_photos-api_upload,0,2022_05_24-18_52_50
8017,375a352c-d9e5-ef69-4aba-c970527533bb.png,small_photos-api_upload,1,2022_05_24-19_03_45
8021,375a352c-d9e5-ef69-4aba-c970527533bb.png,small_photos-api_upload,0,2022_05_24-19_09_34
8022,238b4ef7-3c64-21ba-47d6-7cda66c597c2.png,small_photos-api_upload,1,2022_05_24-17_48_52
8023,238b4ef7-3c64-21ba-47d6-7cda66c597c2.png,small_photos-api_upload,1,2022_05_24-19_25_52
8032,4a989bdf-0c23-8a09-f88b-82d4da591c87.png,small_photos-api_upload,0,2022_05_24-19_06_37
8054,34a93e77-0c90-d418-717d-7f1788d92ab2.png,small_photos-api_upload,1,2022_05_24-19_13_50
8077,d9d99871-feb0-ef2b-b9cc-8af46951abb4.png,small_photos-api_upload,1,2022_05_24-18_30_31
8098,1b7a34d1-b0f8-fd2d-66af-008307d1edce.png,small_photos-api_upload,0,2022_05_24-18_32_25
8099,2a56807d-6662-63e2-ffb5-d090a47e0bb2.png,small_photos-api_upload,1,2022_05_24-17_57_56
8128,6aceb21e-4f7c-c6f3-d2a8-8842896f2411.png,small_photos-api_upload,0,2022_05_24-19_07_56
8149,c6405dd6-f1a8-6156-e1c6-51112f87eec3.png,small_photos-api_upload,0,2022_05_24-19_13_05
8159,22ec219e-6ccf-8ac2-e93f-65bc4a708f9c.png,small_photos-api_upload,0,2022_05_24-19_13_59
8182,19a580b2-ef2b-f6ec-3568-b7383e458c63.png,small_photos-api_upload,0,2022_05_24-17_32_21
8197,950b16aa-abcd-a86a-f823-8ff2ca8d10dd.png,small_photos-api_upload,0,2022_05_24-19_01_19
8211,5c10520e-6501-5ec0-727e-19172dda874b.png,small_photos-api_upload,1,2022_05_24-18_34_25
8224,6bb58565-530d-0b1d-0bbf-8803bd3e1ada.png,small_photos-api_upload,0,2022_05_24-19_23_37
8239,1289a8c7-11e7-c45f-eaec-7cf6eeda2263.png,small_photos-api_upload,1,2022_05_24-17_22_40
8248,2fe6eb62-de11-d60a-ab05-41fa723fc94a.png,small_photos-api_upload,0,2022_05_24-18_44_09
8342,2fe6eb62-de11-d60a-ab05-41fa723fc94a.png,small_photos-api_upload,0,2022_05_24-17_15_26
8390,45482a5d-0099-f512-06b2-4a14cb629e99.png,small_photos-api_upload,0,2022_05_24-19_11_09
8397,4c3d9711-68d7-5960-9a57-e5b4b6d6a149.png,small_photos-api_upload,0,2022_05_24-18_43_07
8400,2fe6eb62-de11-d60a-ab05-41fa723fc94a.png,small_photos-api_upload,0,2022_05_24-18_46_35
8412,14ccf3c4-809b-3972-1c7c-f83c3aa2619d.png,small_photos-api_upload,0,2022_05_24-17_54_32
8458,c166cbd6-f8c2-2d03-0b19-e4df614103c0.png,small_photos-api_upload,0,2022_05_24-17_29_12
8472,c57a6f20-affa-e645-9f3c-da2115904bfc.png,small_photos-api_upload,0,2022_05_24-19_25_37
8487,92f3b2a4-3897-f73b-f236-d728d4b102f1.png,small_photos-api_upload,0,2022_05_24-18_11_37
8488,f78efda8-bccd-499c-9aec-eb69d1825a70.png,small_photos-api_upload,1,2022_05_24-18_37_43
8503,ca61adab-9981-b466-3254-d3a8376279da.png,small_photos-api_upload,1,2022_05_24-18_31_30
8506,71c103ec-a53b-01e4-b560-159c9dd5a82b.png,small_photos-api_upload,0,2022_05_24-19_00_34
8509,1d8f5740-e7d0-c64a-df9f-fc22d84cbb2b.png,small_photos-api_upload,0,2022_05_24-19_16_23
8530,6c71be26-c0db-80fd-56c3-53e3cd72ad18.png,small_photos-api_upload,0,2022_05_24-19_28_08
8533,cd954d39-6055-e6e8-8d76-956e92075ffa.png,small_photos-api_upload,0,2022_05_24-18_18_25
8569,769a2956-2ec8-0ae4-8e0f-6b0bf1d54f23.png,small_photos-api_upload,0,2022_05_24-18_53_30
8575,00eee582-d88f-bc57-a85f-fe81bd8b1467.png,small_photos-api_upload,1,2022_05_24-18_12_24
8584,e300a834-c68f-1f40-aac2-e04119e80107.png,small_photos-api_upload,1,2022_05_24-18_18_43
8629,6091b584-7989-584c-7c12-7d33d4422d41.png,small_photos-api_upload,1,2022_05_24-18_46_11
8631,49565bf2-c9cd-72bb-943f-5ef01039a448.png,small_photos-api_upload,0,2022_05_24-18_01_56
8652,fffcffce-98f0-9a54-0a41-ffefa4a0d58e.png,small_photos-api_upload,0,2022_05_24-19_21_37
8666,30062a33-e299-232e-f8e6-fa6b955a6ed1.png,small_photos-api_upload,0,2022_05_24-18_54_52
8685,ae0eda42-d3ca-ed73-c59b-8da0fe072231.png,small_photos-api_upload,0,2022_05_24-19_14_28
8691,59c1f879-6844-460c-842c-406396228978.png,small_photos-api_upload,0,2022_05_24-18_26_49
8692,59c1f879-6844-460c-842c-406396228978.png,small_photos-api_upload,0,2022_05_24-18_29_06
8696,14065ca4-6f68-8a8d-6512-089de6f3d691.png,small_photos-api_upload,0,2022_05_24-17_51_58
8704,1c89bd25-7cd4-1e38-36e0-ef7e4ef18b5d.png,small_photos-api_upload,0,2022_05_24-18_59_22
8724,566f3943-a591-f7bc-3bc7-2de06b3ace96.png,small_photos-api_upload,0,2022_05_24-17_40_16
8727,f9c758f4-645c-81b6-6aa7-1c0fcf2fd9f5.png,small_photos-api_upload,0,2022_05_24-17_39_24
8740,65bf23dd-4174-c803-4484-1e2997e65fbb.png,small_photos-api_upload,1,2022_05_24-17_45_53
8741,65bf23dd-4174-c803-4484-1e2997e65fbb.png,small_photos-api_upload,1,2022_05_24-19_30_11
8742,65bf23dd-4174-c803-4484-1e2997e65fbb.png,small_photos-api_upload,1,2022_05_24-18_42_40
8757,1710f8e4-9e0e-c891-80be-9f84241830ad.png,small_photos-api_upload,0,2022_05_24-18_58_37
8758,12a2a6b2-2837-8319-bf47-c142b905bd41.png,small_photos-api_upload,1,2022_05_24-17_42_21
8792,f413f664-f91e-8854-52fd-153cc6d62c35.png,small_photos-api_upload,0,2022_05_24-18_05_52
8847,0fd0f329-7334-26f9-ef04-75250e19ebdd.png,small_photos-api_upload,0,2022_05_24-18_09_27
8857,cf9446ae-3976-7a16-ec83-fed5ea43c597.png,small_photos-api_upload,1,2022_05_24-18_13_31
8871,beda7699-f825-3670-c29a-ebc075f0650e.png,small_photos-api_upload,0,2022_05_24-17_25_46
8910,ad1073af-a7d2-4087-67de-706ecc43c9c6.png,small_photos-api_upload,0,2022_05_24-19_33_48
8945,9cd1d3ae-b065-1a13-b213-4a9a0da5d798.png,small_photos-api_upload,0,2022_05_24-18_09_31
8967,667bd029-aabb-fff9-5837-5deebdcac117.png,small_photos-api_upload,0,2022_05_24-18_02_37
8969,8a3fe2d2-ca47-5552-5624-b351e1c45566.png,small_photos-api_upload,0,2022_05_24-17_34_14
8981,0866c906-b2f3-2486-e243-482d694090e5.png,small_photos-api_upload,0,2022_05_24-18_05_22
9029,41fd2df9-25f5-4418-6f8f-43d1d6fcee4a.png,small_photos-api_upload,0,2022_05_24-18_57_49
9040,d24c39c2-aff1-b8fe-398f-40c2e1e6ca6a.png,small_photos-api_upload,0,2022_05_24-18_59_05
9111,5cc5d946-a96c-bb3d-a426-7bfaea00b4da.png,small_photos-api_upload,0,2022_05_24-17_39_58
9112,9df3e0e0-2210-c063-3bd2-d894a7691f69.png,small_photos-api_upload,0,2022_05_24-19_19_32
9118,28ddc91b-ff24-5575-5263-4f49268188a6.png,small_photos-api_upload,0,2022_05_24-20_09_13
9147,7779a6da-fd6f-8b29-851f-b5e76cdac302.png,small_photos-api_upload,0,2022_05_24-19_02_57
9149,7779a6da-fd6f-8b29-851f-b5e76cdac302.png,small_photos-api_upload,1,2022_05_24-18_16_22
9152,7779a6da-fd6f-8b29-851f-b5e76cdac302.png,small_photos-api_upload,1,2022_05_24-17_54_46
9173,98ad4b66-118f-0f84-6cd2-dcdf275e6d95.png,small_photos-api_upload,1,2022_05_24-19_30_37
9175,98cfd11f-4cff-da2d-f063-454e6a773a3c.png,small_photos-api_upload,0,2022_05_24-19_05_00
9182,62b68f2a-3e8a-6e9d-e5d6-77e221be5a3f.png,small_photos-api_upload,1,2022_05_24-18_50_23
9184,d911a8b3-19bd-f8ab-62cb-40d39fe1413d.png,small_photos-api_upload,0,2022_05_24-18_44_02
9212,88c40f6c-d1a1-e95f-ebc6-0d4149160ef6.png,small_photos-api_upload,0,2022_05_24-18_53_35
9223,774104fc-91cd-0c23-9017-b49bdb0fcb43.png,small_photos-api_upload,0,2022_05_24-17_50_03
9237,54ca3007-dd28-cb87-f37e-af1b94738df6.png,small_photos-api_upload,0,2022_05_24-17_42_57
9251,54ca3007-dd28-cb87-f37e-af1b94738df6.png,small_photos-api_upload,0,2022_05_24-17_37_11
9265,b41f0062-f78c-9fab-dc2a-867d630cab3f.png,small_photos-api_upload,0,2022_05_24-19_15_23
9274,b3819a43-6c13-6705-ee14-a70692a4b2fa.png,small_photos-api_upload,0,2022_05_24-17_42_12
9291,b3819a43-6c13-6705-ee14-a70692a4b2fa.png,small_photos-api_upload,0,2022_05_24-19_10_07
9302,79ac0905-2019-b5d5-f408-4470f0c4957c.png,small_photos-api_upload,1,2022_05_24-17_45_21
9304,8b905858-053d-16ea-ade4-c934fc5242f3.png,small_photos-api_upload,0,2022_05_24-17_27_44
9313,3df00555-4107-e038-0fab-ccc96a3767e3.png,small_photos-api_upload,0,2022_05_24-18_15_21
9316,88c3f5d8-a17f-2b3c-3a56-bed74806de93.png,small_photos-api_upload,0,2022_05_24-18_22_28
9329,8f9ff361-8b9a-1ad5-0e58-1e676db9ffe2.png,small_photos-api_upload,0,2022_05_24-17_55_31
9380,5632066e-8713-c95f-92ae-3e94117f121f.png,small_photos-api_upload,0,2022_05_24-18_11_47
9381,5632066e-8713-c95f-92ae-3e94117f121f.png,small_photos-api_upload,0,2022_05_24-18_57_45
9382,305caa71-f449-d6c0-9d75-f2c86d56a19f.png,small_photos-api_upload,1,2022_05_24-18_07_27
9383,305caa71-f449-d6c0-9d75-f2c86d56a19f.png,small_photos-api_upload,0,2022_05_24-19_09_53
9387,4028e19c-5340-e117-ca33-8fc48038ee7a.png,small_photos-api_upload,0,2022_05_24-17_25_35
9390,2ccaa3f3-75ce-d107-3c6e-2cc49117e74c.png,small_photos-api_upload,0,2022_05_24-20_07_57
9399,5cfc2440-7334-5c63-a38a-21695fae41c8.png,small_photos-api_upload,0,2022_05_24-17_45_13
9410,3b8aef4d-d399-6d28-b855-e4c6148e424e.png,small_photos-api_upload,0,2022_05_24-19_05_57
9412,d381e2b3-f954-29a4-5189-eacd82247979.png,small_photos-api_upload,0,2022_05_24-17_41_51
9424,573b0d32-a88d-6905-eb18-9d1c974e44a2.png,small_photos-api_upload,0,2022_05_24-19_18_32
9427,573b0d32-a88d-6905-eb18-9d1c974e44a2.png,small_photos-api_upload,0,2022_05_24-18_26_04
9433,86ae7a52-b2db-60d9-9af3-79dc43f63c7f.png,small_photos-api_upload,0,2022_05_24-18_13_39
9444,caefb02c-024c-b4ce-a8e0-43364aa114cb.png,small_photos-api_upload,1,2022_05_24-18_30_44
9446,b6eac3b6-e9af-ab99-60ef-9587bf94e064.png,small_photos-api_upload,0,2022_05_24-19_13_13
9462,1ff5dd1d-705d-1ba3-10be-5cc470149cd5.png,small_photos-api_upload,0,2022_05_24-18_27_23
9492,876852a9-4732-2b84-c217-83e0814d7e6f.png,small_photos-api_upload,0,2022_05_24-18_21_45
9493,876852a9-4732-2b84-c217-83e0814d7e6f.png,small_photos-api_upload,1,2022_05_24-17_40_35
9497,595cb4b2-af8b-65f6-df54-ecedf9b3a880.png,small_photos-api_upload,1,2022_05_24-18_35_58
9501,6ab2f0c9-2898-ad41-8d66-9f54ffc32ce8.png,small_photos-api_upload,1,2022_05_24-19_31_20
9523,e4c3da3a-fc23-d88e-e949-497fe0137ae4.png,small_photos-api_upload,0,2022_05_24-18_01_08
9537,6e979268-4a68-3105-4d35-b5ccadef4967.png,small_photos-api_upload,1,2022_05_24-19_26_44
9553,8f2322fa-1c64-e997-8a66-13d95e477113.png,small_photos-api_upload,0,2022_05_24-18_08_07
9569,48ffd063-e9c0-9bb1-9ec8-b5375a6b910c.png,small_photos-api_upload,1,2022_05_24-17_24_17
9640,9169fbf1-08ae-a37c-a505-297f694de0e4.png,small_photos-api_upload,0,2022_05_24-19_31_43
9641,9169fbf1-08ae-a37c-a505-297f694de0e4.png,small_photos-api_upload,0,2022_05_24-19_10_12
9668,0fd05b86-4c7a-93a3-8454-4cb794a7e7c7.png,small_photos-api_upload,0,2022_05_24-18_50_55
9711,524322dd-cb7e-f24d-f801-d3aa8584dac0.png,small_photos-api_upload,0,2022_05_24-18_46_49
9713,ef4358b6-04d2-cbbc-314a-7a0e9abd1775.png,small_photos-api_upload,0,2022_05_24-19_30_20
9715,a60b6d60-8619-6a90-645f-b1455058f018.png,small_photos-api_upload,0,2022_05_24-17_36_45
9730,254620fd-5011-14e8-6657-9d53495a00ee.png,small_photos-api_upload,1,2022_05_24-17_58_03
9734,85feb912-397e-2b00-e05e-41cccc955020.png,small_photos-api_upload,0,2022_05_24-19_32_44
9766,fd0126c9-52bf-2913-0808-bf18ac90c216.png,small_photos-api_upload,1,2022_05_24-19_03_49
9884,bbdeff66-7bfb-a23d-367e-1af5101de66f.png,small_photos-api_upload,0,2022_05_24-17_39_48
9894,813f08fb-b937-b070-4308-0e031900c416.png,small_photos-api_upload,0,2022_05_24-19_20_37
9898,acf6cf54-16b1-125c-e0fe-9b41697cffe4.png,small_photos-api_upload,0,2022_05_24-18_50_28
9899,acf6cf54-16b1-125c-e0fe-9b41697cffe4.png,small_photos-api_upload,0,2022_05_24-18_35_13
9997,ac72e0ac-5cb5-d25f-e68e-1a2b84a7a8ca.png,small_photos-api_upload,1,2022_05_24-17_21_34
10061,2456ceb4-a23d-8752-cfb8-98fe64ccbad6.png,small_photos-api_upload,0,2022_05_24-20_08_05
10065,9efb82a7-5a46-7b1e-74ef-db918ebcb02b.png,small_photos-api_upload,1,2022_05_24-18_29_10
10068,714b205f-e620-ea5b-c571-a0228a4f11ed.png,small_photos-api_upload,0,2022_05_24-18_16_02
10075,9a9b9074-b3e3-c913-7851-e3ab61dfc98a.png,small_photos-api_upload,0,2022_05_24-19_08_26
10092,3cc5573f-ee57-ac38-8b57-ed60ffecf189.png,small_photos-api_upload,1,2022_05_24-19_09_02
10116,1e4a35d8-6664-086c-2fa0-6dfcc575fee5.png,small_photos-api_upload,0,2022_05_24-17_56_33
10124,e15c6a1c-c140-2987-6893-878f7c02052c.png,small_photos-api_upload,1,2022_05_24-17_18_42
10185,30a3d4e2-00f0-32e8-5f65-64d293fa1382.png,small_photos-api_upload,0,2022_05_24-18_05_03
10204,66cfc2a9-70a0-9d73-27bc-5b00a58ee968.png,small_photos-api_upload,0,2022_05_24-19_19_46
10209,25ecedba-58cc-56e2-b92c-7a5259b1298c.png,small_photos-api_upload,0,2022_05_24-19_00_08
10210,25ecedba-58cc-56e2-b92c-7a5259b1298c.png,small_photos-api_upload,0,2022_05_24-19_27_35
10217,cfa683b3-0248-bd69-f3b5-7da97fd76b4d.png,small_photos-api_upload,1,2022_05_24-18_24_09
10249,e7f90153-77dc-0e0d-cba2-95a5fc1fe3e7.png,small_photos-api_upload,0,2022_05_24-18_15_54
10257,85f9d5ea-136b-44ac-8c78-a22e0fbf37ab.png,small_photos-api_upload,0,2022_05_24-19_19_54
10266,f4a9e75c-0117-317e-76d2-d17d21af01c0.png,small_photos-api_upload,0,2022_05_24-19_36_48
10275,801140fe-113a-cb27-4f35-f02ae3d04eb1.png,small_photos-api_upload,0,2022_05_24-18_55_20
10277,2d134d13-ae7c-ac9d-220b-8b84fa53586b.png,small_photos-api_upload,0,2022_05_24-17_44_15
10287,fe92f05e-8b4d-a1fa-c02e-2d60b66ed2f7.png,small_photos-api_upload,0,2022_05_24-19_29_05
10334,dfbb3784-ec33-5319-73b2-e2f45ae440c4.png,small_photos-api_upload,0,2022_05_24-18_16_45
10339,b7f7a7f1-1bbc-140a-dee0-27948bd5c3bd.png,small_photos-api_upload,0,2022_05_24-18_52_33
10353,9e754adf-d30d-02cb-86ac-4c9997186804.png,small_photos-api_upload,0,2022_05_24-19_07_38
10360,54937bd6-6cf3-f110-2273-50d1e9e6a8eb.png,small_photos-api_upload,1,2022_05_24-19_36_03
10365,01a08bf1-2c41-0924-6e15-9c2751091c51.png,small_photos-api_upload,0,2022_05_24-17_29_21
10369,a98e6b33-4473-49b3-9170-05446e28b716.png,small_photos-api_upload,0,2022_05_24-17_23_45
10382,c8614e98-2cb5-e6d3-8ada-f398eddddff5.png,small_photos-api_upload,0,2022_05_24-18_57_22
10420,2c27d3f6-fc85-715e-e474-975d74eda3bc.png,small_photos-api_upload,0,2022_05_24-18_26_09
10422,2c27d3f6-fc85-715e-e474-975d74eda3bc.png,small_photos-api_upload,0,2022_05_24-18_20_48
10431,de09ede0-4a53-bf9d-4e93-ca3bc0421fd3.png,small_photos-api_upload,0,2022_05_24-19_08_39
10442,06f88b84-27e3-1880-f269-6325ab3804e8.png,small_photos-api_upload,1,2022_05_24-19_13_41
10468,06dd07d4-ac95-7bac-5d4d-300d9a675282.png,small_photos-api_upload,0,2022_05_24-19_17_30
10477,3b2223ff-62fa-3da4-57b7-8e82c9f93a4d.png,small_photos-api_upload,0,2022_05_24-18_39_13
10525,59dba84b-fa28-6748-fa53-dc1f60277799.png,small_photos-api_upload,1,2022_05_24-19_02_28
10529,8b21c058-4676-1cbc-95d0-a3150c479c4d.png,small_photos-api_upload,0,2022_05_24-18_29_01
10531,a25d4f10-24c4-44dd-54af-865a96b41b59.png,small_photos-api_upload,0,2022_05_24-18_34_37
10547,75f20973-e6c2-89d0-6ff3-0fc3c49faf9b.png,small_photos-api_upload,1,2022_05_24-18_32_53
10549,c1edbea1-dec6-e906-a333-1e7d6910410d.png,small_photos-api_upload,0,2022_05_24-20_07_42
10564,b9c141ff-7e7b-4d9b-5499-35ef5755cd3e.png,small_photos-api_upload,0,2022_05_24-19_12_15
10597,9f15a0a8-eeb0-282f-7942-4b8f7a2e6493.png,small_photos-api_upload,1,2022_05_24-18_31_34
10604,736246d5-26a8-9327-cf3c-8e0714a1a381.png,small_photos-api_upload,0,2022_05_24-18_00_38
10621,abf7f831-4f07-e3b9-aee9-ea860b6a8bf2.png,small_photos-api_upload,0,2022_05_24-17_45_26
10669,e97e8c49-bbe5-84fa-b15d-0d4b07e1f55a.png,small_photos-api_upload,0,2022_05_24-19_11_37
10675,af778cd2-8342-e443-0db9-31d6201fbae8.png,small_photos-api_upload,0,2022_05_24-17_49_43
10731,16f63c0e-87c1-8734-519a-5dfe49529c7a.png,small_photos-api_upload,1,2022_05_24-19_06_14
10732,16f63c0e-87c1-8734-519a-5dfe49529c7a.png,small_photos-api_upload,1,2022_05_24-19_10_35
10735,a111680f-d69c-b9c4-6cb9-6b8a424a3dc6.png,small_photos-api_upload,0,2022_05_24-18_46_06
10754,9c8b075d-5a69-2378-dcc6-8b4f1875ca0f.png,small_photos-api_upload,0,2022_05_24-18_53_56
10768,a78e81da-98ac-300d-063b-2bc0c8e4cc78.png,small_photos-api_upload,0,2022_05_24-19_03_01
10781,a3fd8cdd-3d40-40ef-bc77-b6520aafb170.png,small_photos-api_upload,0,2022_05_24-19_02_04
10783,a3fd8cdd-3d40-40ef-bc77-b6520aafb170.png,small_photos-api_upload,0,2022_05_24-18_36_27
10800,d607eff9-d0e5-041a-d44c-50a316242e24.png,small_photos-api_upload,0,2022_05_24-18_04_37
10810,464c7592-c548-b3bb-b0d4-d1b24554bde3.png,small_photos-api_upload,0,2022_05_24-18_04_47
10820,888fa403-7d4f-c501-06bc-4c68d32073bb.png,small_photos-api_upload,0,2022_05_24-19_24_29
10857,b45fd023-3a60-2139-288d-f720df4ce382.png,small_photos-api_upload,1,2022_05_24-18_20_01
10868,25042d51-6827-5673-c85f-b1e7c6f1c74a.png,small_photos-api_upload,0,2022_05_24-18_53_59
10870,ac2632f9-9377-5a86-5610-25930dc9a37c.png,small_photos-api_upload,0,2022_05_24-17_24_56
10878,a78e81da-98ac-300d-063b-2bc0c8e4cc78.png,small_photos-api_upload,1,2022_05_24-19_05_21
10885,1f6d2d7b-ae59-d43a-9b2b-419eae35dcb7.png,small_photos-api_upload,0,2022_05_24-19_25_42
10894,52febf3a-9de8-4548-1db9-2b599fa5a0d9.png,small_photos-api_upload,0,2022_05_24-18_59_10
10897,abdf4df7-f605-2152-e529-f36dcdb5fb7b.png,small_photos-api_upload,1,2022_05_24-18_19_38
10905,844f0dfe-90ce-762a-d2c7-66cf10da4c11.png,small_photos-api_upload,1,2022_05_24-19_24_24
10926,8310d3e5-8615-99bc-fcef-0437c1cea850.png,small_photos-api_upload,0,2022_05_24-18_58_20
10928,9b28005b-3fac-f769-683f-9bf24ec7e143.png,small_photos-api_upload,1,2022_05_24-19_13_54
10931,d5ed00ea-918a-bb92-dd58-a6fbc746a0aa.png,small_photos-api_upload,0,2022_05_24-17_32_52
10943,27945dcb-6c44-074e-1672-4e40142358ee.png,small_photos-api_upload,0,2022_05_24-17_26_12
10958,5b6ee61e-edab-d81b-496a-a3a0f8b803b4.png,small_photos-api_upload,0,2022_05_24-17_37_56
10959,5b6ee61e-edab-d81b-496a-a3a0f8b803b4.png,small_photos-api_upload,0,2022_05_24-17_40_43
10972,56e7650a-f883-2c58-88b5-fc2621de4fda.png,small_photos-api_upload,0,2022_05_24-19_10_25
10980,86ead9a7-fd6b-2075-398a-db674773ebdb.png,small_photos-api_upload,0,2022_05_24-19_14_09
10981,86ead9a7-fd6b-2075-398a-db674773ebdb.png,small_photos-api_upload,0,2022_05_24-17_25_41
11004,0e035644-3a90-6e89-73c1-eb8d66abb0fe.png,small_photos-api_upload,1,2022_05_24-18_42_16
11005,0e035644-3a90-6e89-73c1-eb8d66abb0fe.png,small_photos-api_upload,1,2022_05_24-19_15_45
11006,13bbd02f-17a5-0907-22bc-e47c121b5ea0.png,small_photos-api_upload,0,2022_05_24-18_53_26
11013,36614f28-4bf8-4ac1-60d1-2e270cb51f0f.png,small_photos-api_upload,0,2022_05_24-18_29_54
11014,36614f28-4bf8-4ac1-60d1-2e270cb51f0f.png,small_photos-api_upload,0,2022_05_24-19_16_42
11015,36614f28-4bf8-4ac1-60d1-2e270cb51f0f.png,small_photos-api_upload,0,2022_05_24-19_04_55
11016,b70191d0-ac9a-2746-21e8-b544e49a9a71.png,small_photos-api_upload,1,2022_05_24-19_26_52
11017,2fa29634-9857-0f2f-d6cc-2a07686f48ae.png,small_photos-api_upload,0,2022_05_24-18_54_14
11023,d1e995ec-9b4d-ac02-5c19-88313145fe0d.png,small_photos-api_upload,0,2022_05_24-19_35_51
11027,7acc82a9-ffe3-a810-2fc8-823ca6be2dd0.png,small_photos-api_upload,0,2022_05_24-19_13_08
11045,6f053135-c920-1b32-6422-ea92023e0797.png,small_photos-api_upload,1,2022_05_24-19_15_41
11063,4966ad29-6631-dd71-7c15-beec9f5bf0b6.png,small_photos-api_upload,1,2022_05_24-18_01_04
11067,01dd4f50-d276-4794-da5d-fc80542da80b.png,small_photos-api_upload,1,2022_05_24-19_21_19
11073,38d1c7bc-b826-c4d0-8637-118358491125.png,small_photos-api_upload,1,2022_05_24-18_14_57
11090,a4fdeccf-df2e-ce39-2554-e790a005cbed.png,small_photos-api_upload,0,2022_05_24-18_47_20
11129,39005813-e270-34b2-9e78-c4687acbbdd2.png,small_photos-api_upload,1,2022_05_24-17_19_22
11132,fe3f9169-138c-0f89-64ca-4a2f27e8b5fa.png,small_photos-api_upload,1,2022_05_24-19_34_12
11159,fcd34bc2-2750-6e26-4689-7ee2dbdb21dc.png,small_photos-api_upload,1,2022_05_24-18_21_17
11184,f87ffdfe-4e83-d705-e5d2-1c35dafaf786.png,small_photos-api_upload,0,2022_05_24-18_34_33
11215,c6bcea90-9881-cd1d-1c42-b3b0309053a2.png,small_photos-api_upload,0,2022_05_24-17_51_00
11216,c6bcea90-9881-cd1d-1c42-b3b0309053a2.png,small_photos-api_upload,1,2022_05_24-18_06_17
11234,0f123c22-9d5d-bdcc-4c6a-be046b3c5a65.png,small_photos-api_upload,1,2022_05_24-18_51_53
11280,c2debfe6-826c-449f-b1f8-a6c1d0d38328.png,small_photos-api_upload,0,2022_05_24-17_56_37
11285,0123dd54-3600-c019-ad23-c811aa9374a7.png,small_photos-api_upload,0,2022_05_24-18_04_14
11305,c9fd1f13-f0d6-5df3-3aa5-aaeea1468ba2.png,small_photos-api_upload,0,2022_05_24-17_54_04
11311,c4023000-71ba-f55e-eeaa-19ca9981a11b.png,small_photos-api_upload,0,2022_05_24-18_37_59
11321,3481f501-4601-55be-c808-15d821dd85e3.png,small_photos-api_upload,0,2022_05_24-18_38_34
11328,7274da7c-620f-dca7-79e0-cf1d0546b0d9.png,small_photos-api_upload,0,2022_05_24-17_35_22
11331,7274da7c-620f-dca7-79e0-cf1d0546b0d9.png,small_photos-api_upload,0,2022_05_24-17_15_39
11334,8024d395-c8e3-dc43-55e7-1e735c2724e1.png,small_photos-api_upload,0,2022_05_24-19_31_59
11346,04908bd3-f2a6-0d9a-3704-0bcc818735aa.png,small_photos-api_upload,0,2022_05_24-17_55_51
11392,82fb0a17-f47f-d631-1ee9-281c4f0d7dd0.png,small_photos-api_upload,0,2022_05_24-18_23_51
11402,d897df57-e2ba-16c5-6020-4b7c71b4e77e.png,small_photos-api_upload,0,2022_05_24-18_03_14
11409,603bd82d-029d-186f-b173-06c6f04a00e5.png,small_photos-api_upload,0,2022_05_24-19_35_55
11431,641e05bf-90cd-a877-ad2d-18e6059e8b0b.png,small_photos-api_upload,0,2022_05_24-18_36_24
11436,86c2976c-1474-264b-5c95-e4dd8700dd69.png,small_photos-api_upload,0,2022_05_24-19_26_56
11441,e7119ba2-511b-55c2-ab9a-696ddb0f9599.png,small_photos-api_upload,1,2022_05_24-18_09_20
11479,c1022c76-f4e3-0012-2a77-5f3861932b22.png,small_photos-api_upload,0,2022_05_24-18_20_36
11499,d4287327-da89-8f99-a636-c9af1903e4b2.png,small_photos-api_upload,0,2022_05_24-19_10_40
11505,f7054477-8165-7eb9-90f5-beddedcceb75.png,small_photos-api_upload,0,2022_05_24-18_47_29
11590,3723b2cd-33a5-a281-0ccb-41d0946381b0.png,small_photos-api_upload,0,2022_05_24-17_56_02
11591,3723b2cd-33a5-a281-0ccb-41d0946381b0.png,small_photos-api_upload,0,2022_05_24-19_34_44
11607,804fa314-3ab8-b91d-65b7-7c0f74042991.png,small_photos-api_upload,1,2022_05_24-18_47_56
11609,acd511b6-c6e7-7353-1e2f-2ddca8284696.png,small_photos-api_upload,0,2022_05_24-18_08_41
11612,014fbef1-2fe4-1de7-cbc4-64f33b0164b5.png,small_photos-api_upload,0,2022_05_24-18_32_21
11614,5e9525b9-c551-9d4d-d78c-dd7c5bffe765.png,small_photos-api_upload,1,2022_05_24-19_31_11
11633,85b958f0-361d-7869-0159-1081bbea8f76.png,small_photos-api_upload,0,2022_05_24-18_54_55
11637,6cfb83f5-ab70-a291-6f5e-8188df95956d.png,small_photos-api_upload,0,2022_05_24-19_30_51
11651,1c39bb03-eb82-99df-fb25-bcdfb16e639c.png,small_photos-api_upload,0,2022_05_24-18_32_35
11653,6e6adabc-8373-b4b6-71ca-2a2ef7981adc.png,small_photos-api_upload,0,2022_05_24-19_07_26
11654,0c02c284-476b-129b-d975-f28817b045c2.png,small_photos-api_upload,0,2022_05_24-17_38_40
11655,72703981-3a07-357d-a7e7-6ebf017f6746.png,small_photos-api_upload,1,2022_05_24-17_57_25
11674,ce975144-6e7b-ddcf-236b-b35e518b308c.png,small_photos-api_upload,0,2022_05_24-19_13_25
11701,2981b8dd-539d-20cf-b03e-82418faee3fa.png,small_photos-api_upload,1,2022_05_24-18_56_49
11702,ebfe2eb4-861f-e83d-1032-d1576bfa6425.png,small_photos-api_upload,0,2022_05_24-19_17_34
11711,3bb4d11d-c2a2-636e-7d9c-4d31c6c51aec.png,small_photos-api_upload,1,2022_05_24-18_22_02
11713,524d002f-bfe4-5849-695a-71f88e72b7da.png,small_photos-api_upload,0,2022_05_24-19_14_49
11764,a3ad00d6-58b5-c9f6-e94f-12b2680846cf.png,small_photos-api_upload,1,2022_05_24-19_37_06
11766,495d1de4-6e85-7e35-b765-d0e24a2eaf2e.png,small_photos-api_upload,1,2022_05_24-18_26_55
11768,46befcfe-ac12-6afc-046e-b3e6874ed215.png,small_photos-api_upload,0,2022_05_24-18_28_28
11804,6f2fa0ac-857c-c6dd-681b-fe0d30370d01.png,small_photos-api_upload,1,2022_05_24-19_09_58
11805,c0a6093b-a806-f669-df3d-9dea40623137.png,small_photos-api_upload,0,2022_05_24-19_01_10
11806,9f28531b-0cd4-01a7-4407-4a1987008ece.png,small_photos-api_upload,0,2022_05_24-18_26_29
11808,a727e7da-5d2a-0202-e3a7-6b5308f396c1.png,small_photos-api_upload,0,2022_05_24-17_49_39
11812,3a2a1d56-73ab-56db-4445-27c8ff953bf5.png,small_photos-api_upload,0,2022_05_24-18_57_57
11817,bb1c8ef8-fd31-785b-f1cd-f200c60bb345.png,small_photos-api_upload,0,2022_05_24-19_36_40
11832,95e49b56-ad26-db24-008a-f4d13087b806.png,small_photos-api_upload,0,2022_05_24-17_39_34
11838,3ddfe4b1-9b03-e981-5703-a506ee37355d.png,small_photos-api_upload,0,2022_05_24-19_05_11
11842,8b56944f-842f-d163-ff76-c1e8a15a5759.png,small_photos-api_upload,1,2022_05_24-18_29_41
11856,8bcd34db-90f5-302e-088b-a990c85c5baf.png,small_photos-api_upload,1,2022_05_24-18_10_47
11870,95be4fde-a6c9-f493-2399-1671d3d7d7e7.png,small_photos-api_upload,0,2022_05_24-17_30_20
11875,649895fc-dce4-6b90-bb21-795751b16517.png,small_photos-api_upload,0,2022_05_24-18_20_53
11878,dde693c4-9165-f77b-4a6c-d0d267845677.png,small_photos-api_upload,0,2022_05_24-17_54_28
11887,b7bf8f27-8358-3bad-bea6-26ce2317a07b.png,small_photos-api_upload,0,2022_05_24-18_11_19
11902,7b87fba0-940a-f4d0-a4a1-13470f44b1a7.png,small_photos-api_upload,0,2022_05_24-18_48_06
11906,abf8b412-ae6b-7a29-ea12-ca5aaa919de7.png,small_photos-api_upload,1,2022_05_24-18_55_47
11908,abf8b412-ae6b-7a29-ea12-ca5aaa919de7.png,small_photos-api_upload,0,2022_05_24-18_52_27
11921,26327a3b-42b0-a8d1-9519-dffd7a6aea3c.png,small_photos-api_upload,1,2022_05_24-19_21_29
11925,05204ec0-8405-1c69-d9ff-e058d5ae647b.png,small_photos-api_upload,0,2022_05_24-18_52_45
11952,b35bae86-edc9-07bb-85e8-3edb5e243f2b.png,small_photos-api_upload,0,2022_05_24-19_03_54
11953,4265b7f4-4337-17ae-eab4-868ba790ec30.png,small_photos-api_upload,0,2022_05_24-19_14_15
11963,81a963e9-9243-6988-b939-30f1c48247e4.png,small_photos-api_upload,0,2022_05_24-19_23_25
11974,2eb81591-0138-35e5-6bbf-65768b00da5b.png,small_photos-api_upload,1,2022_05_24-19_15_55
11976,9c647b44-cf8e-c2e5-2deb-99a422db9b27.png,small_photos-api_upload,0,2022_05_24-18_20_33
12017,a375fe65-0fde-08fb-f7d4-9d7f05ffb6cd.png,small_photos-api_upload,0,2022_05_24-18_18_29
12019,6c5fbfe4-0eba-f14f-fe3f-63ecbcbf0a91.png,small_photos-api_upload,1,2022_05_24-18_25_35
12035,6005c129-4d09-0d18-9980-7daa6d37cfd0.png,small_photos-api_upload,0,2022_05_24-19_27_50
12039,d5612d4d-826a-a55f-59cb-1b6fcca8252f.png,small_photos-api_upload,0,2022_05_24-19_18_59
12064,00a30d9b-f704-f212-e3ae-0aab35c093b6.png,small_photos-api_upload,0,2022_05_24-18_03_47
12095,00e9ab5a-bc88-c7cb-1902-ddd350c95512.png,small_photos-api_upload,1,2022_05_24-19_18_19
12100,378bc79a-5317-b380-6cb2-7ae37018870e.png,small_photos-api_upload,0,2022_05_24-19_30_15
12104,13510342-c0f4-547a-3522-296fac244d48.png,small_photos-api_upload,1,2022_05_24-18_03_53
12107,13510342-c0f4-547a-3522-296fac244d48.png,small_photos-api_upload,1,2022_05_24-18_46_31
12110,e60c0d2e-dc6f-67ce-3d67-1b6ee4398f1c.png,small_photos-api_upload,0,2022_05_24-17_25_58
12116,43473849-f9c3-999a-8265-67e01eaf8cbb.png,small_photos-api_upload,1,2022_05_24-18_27_58
12117,8200c7d0-89f7-8a5f-88c7-f11ab3159465.png,small_photos-api_upload,0,2022_05_24-18_32_16
12120,8200c7d0-89f7-8a5f-88c7-f11ab3159465.png,small_photos-api_upload,0,2022_05_24-18_02_11
12121,8200c7d0-89f7-8a5f-88c7-f11ab3159465.png,small_photos-api_upload,0,2022_05_24-19_33_21
12149,1612b2ed-943b-4d9b-c42c-9573f8459a32.png,small_photos-api_upload,0,2022_05_24-18_19_53
12175,2f7b975a-15c6-483e-bac6-425fa4e5f49d.png,small_photos-api_upload,1,2022_05_24-19_22_22
12182,b6e1e591-34ab-dd93-24e6-97d5006b2ab8.png,small_photos-api_upload,0,2022_05_24-18_56_08
12184,0d3270fc-a790-94a4-b18c-2703cb302380.png,small_photos-api_upload,1,2022_05_24-19_34_59
12188,fb9c5a25-e5d1-51fb-1218-9d2e4e70b8f3.png,small_photos-api_upload,0,2022_05_24-19_19_43
12195,ff1ea7c0-52c6-d60b-04d0-a804008a8ab0.png,small_photos-api_upload,0,2022_05_24-19_32_14
12197,1a153691-0883-e1b0-f30a-bc3a9958cb82.png,small_photos-api_upload,1,2022_05_24-17_44_24
12199,046f105b-0659-e8d6-5b6f-d462f9df8e22.png,small_photos-api_upload,1,2022_05_24-19_11_05
12202,046f105b-0659-e8d6-5b6f-d462f9df8e22.png,small_photos-api_upload,1,2022_05_24-18_27_41
12203,4fa4f251-922c-7f1c-1354-f0c98ace9e58.png,small_photos-api_upload,1,2022_05_24-19_33_15
12230,6d324937-17b6-de76-e414-7a367e16ccfc.png,small_photos-api_upload,0,2022_05_24-18_34_41
12245,41eede57-0bd9-15d1-fe3c-01dec7d388c3.png,small_photos-api_upload,0,2022_05_24-19_19_08
12256,df6bede7-fadf-e92f-693b-e4a3c1a36f61.png,small_photos-api_upload,0,2022_05_24-19_33_27
12266,fb406f98-0a30-7b7c-d05a-922954817e5e.png,small_photos-api_upload,0,2022_05_24-18_04_07
12303,b4e74b78-26d8-339a-8f63-f17ef47df52d.png,small_photos-api_upload,1,2022_05_24-18_58_51
12308,15fd720c-7ae7-f70a-8b01-9cab26975eda.png,small_photos-api_upload,1,2022_05_24-19_23_32
12317,89864ab2-2946-b13b-0abf-7f76f5ea8b2a.png,small_photos-api_upload,0,2022_05_24-18_01_47
12318,c28a3aca-41eb-1ea9-7b2c-76a777aae1a8.png,small_photos-api_upload,1,2022_05_24-18_28_08
12319,74e62c39-7729-1b3b-4a67-35ab4fe97e4a.png,small_photos-api_upload,0,2022_05_24-17_15_49
12375,7c63f21d-2a0c-4716-7455-10845925a6cb.png,small_photos-api_upload,0,2022_05_24-17_51_10
12388,ef1f11d8-9748-8413-5f9c-420f4c054b37.png,small_photos-api_upload,0,2022_05_24-18_26_38
12410,e98edb3d-28ab-ec24-8c98-71d13ec0f84e.png,small_photos-api_upload,1,2022_05_24-18_06_43
12429,88a1096d-3839-ca5d-2233-159b8689ca41.png,small_photos-api_upload,0,2022_05_24-19_00_04
12461,a7694d26-34b5-5666-6dab-5356bb2f5e3c.png,small_photos-api_upload,0,2022_05_24-19_36_51
12473,966bc0d4-2039-b5b0-edf2-433ce80d3471.png,small_photos-api_upload,0,2022_05_24-19_08_22
12475,f5c7e573-957c-3c94-f7e5-21013e033085.png,small_photos-api_upload,0,2022_05_24-19_11_40
12476,b1916ab6-f282-32e4-1e5c-859caa2c5592.png,small_photos-api_upload,1,2022_05_24-19_32_49
12484,ea065c28-5145-3239-b472-d78f3ef256d0.png,small_photos-api_upload,0,2022_05_24-17_24_43
12558,f9efc460-0a8a-8a67-48a3-d7959603cde0.png,small_photos-api_upload,0,2022_05_24-19_34_23
12569,04049a3f-3cfc-0648-4d8c-81e6381b3047.png,small_photos-api_upload,0,2022_05_24-17_51_06
13199,a9a50521-9510-209b-e6f3-256c5c1fa0ab.png,small_photos-api_upload,0,2022_05_24-17_32_48
13301,a53f99b3-48ef-cad1-5384-cad974ca0abe.png,small_photos-api_upload,0,2022_05_24-18_01_34
13365,abf8b412-ae6b-7a29-ea12-ca5aaa919de7.png,small_photos-api_upload,1,2022_05_24-18_09_41
13687,ad04d499-efd4-3667-0afd-b358b7299d6b.png,small_photos-api_upload,0,2022_05_24-17_26_47
13723,abf8b412-ae6b-7a29-ea12-ca5aaa919de7.png,small_photos-api_upload,1,2022_05_24-18_30_37
13724,abf8b412-ae6b-7a29-ea12-ca5aaa919de7.png,small_photos-api_upload,1,2022_05_24-19_18_07
14402,513b280d-8fc2-e87e-d0a4-cf51dad0da74.png,small_photos-api_upload,0,2022_05_24-17_32_56
15380,a60b6d60-8619-6a90-645f-b1455058f018.png,small_photos-api_upload,0,2022_05_24-17_38_01
15381,a60b6d60-8619-6a90-645f-b1455058f018.png,small_photos-api_upload,0,2022_05_24-18_06_53
15382,a60b6d60-8619-6a90-645f-b1455058f018.png,small_photos-api_upload,0,2022_05_24-18_43_58
16118,f9efc460-0a8a-8a67-48a3-d7959603cde0.png,small_photos-api_upload,0,2022_05_24-18_47_03
17126,db91e6b3-84f7-7754-084b-16b00890d3ff.png,small_photos-api_upload,0,2022_05_24-18_27_19
17639,21d756dc-369c-a356-533f-db145242def5.png,small_photos-api_upload,0,2022_05_24-18_38_43
17675,2a7bc8bd-1870-f302-192c-75d03273ed05.png,small_photos-api_upload,0,2022_05_24-19_15_25
18968,42227d26-9cff-e949-8c40-d6102bb5b907.png,small_photos-api_upload,0,2022_05_24-19_10_04
18972,42227d26-9cff-e949-8c40-d6102bb5b907.png,small_photos-api_upload,0,2022_05_24-18_32_00
19132,801140fe-113a-cb27-4f35-f02ae3d04eb1.png,small_photos-api_upload,0,2022_05_24-19_18_12
19600,7a475608-0e58-1a16-ed9c-ed3668bacaf1.png,small_photos-api_upload,0,2022_05_24-18_32_48
19605,7a475608-0e58-1a16-ed9c-ed3668bacaf1.png,small_photos-api_upload,0,2022_05_24-17_50_55
19937,b6eac3b6-e9af-ab99-60ef-9587bf94e064.png,small_photos-api_upload,0,2022_05_24-18_24_50
21109,530acacf-1627-c234-6035-c8d59a348cf0.png,small_photos-api_upload,0,2022_05_24-18_24_21
21110,530acacf-1627-c234-6035-c8d59a348cf0.png,small_photos-api_upload,1,2022_05_24-19_14_32
21454,dfd33da5-f6ad-fd65-204e-bfc47a8dcd7d.png,small_photos-api_upload,0,2022_05_24-17_53_13
21715,737ea94b-a8bd-2bd3-7400-848d94662a2f.png,small_photos-api_upload,1,2022_05_24-19_14_42
22090,6dfe97f4-30a9-b1cb-5790-d19e91214bcd.png,small_photos-api_upload,0,2022_05_24-19_34_05
22481,3a8e288a-e7c4-3667-2e14-dee7c7039589.png,small_photos-api_upload,0,2022_05_24-19_04_05
22914,f6d638e7-4872-1dd5-0afa-72ca53e07a33.png,small_photos-api_upload,0,2022_05_24-18_46_03
23100,dde693c4-9165-f77b-4a6c-d0d267845677.png,small_photos-api_upload,0,2022_05_24-19_07_08
23116,ad408cd0-3db0-9893-cc0b-2a6b90a95556.png,small_photos-api_upload,1,2022_05_24-19_19_17
24168,0afe9c5d-8558-5221-4ea3-5d99d795cedd.png,small_photos-api_upload,0,2022_05_24-19_17_19
24468,ce50659a-919c-5c0f-2cc3-f3504e3b7dd5.png,small_photos-api_upload,0,2022_05_24-19_07_29
25329,001b3cff-e9aa-fa67-69e6-69ff75866bc1.png,small_photos-api_upload,1,2022_05_24-18_30_41
26513,dde693c4-9165-f77b-4a6c-d0d267845677.png,small_photos-api_upload,0,2022_05_24-17_29_55
26518,f6d638e7-4872-1dd5-0afa-72ca53e07a33.png,small_photos-api_upload,0,2022_05_24-19_28_14
26665,dde693c4-9165-f77b-4a6c-d0d267845677.png,small_photos-api_upload,0,2022_05_24-18_50_17
26667,dde693c4-9165-f77b-4a6c-d0d267845677.png,small_photos-api_upload,0,2022_05_24-17_39_29
27600,dcdf9164-0d14-d564-5e62-efd5e6ce774b.png,small_photos-api_upload,1,2022_05_24-19_31_25
31810,a59d281f-8b5f-da2f-cd2a-d6c161e13d3b.png,small_photos-api_upload,0,2022_05_24-19_35_41
32339,ad91d460-ae3e-f948-90de-e69b9f3df9ac.png,small_photos-api_upload,0,2022_05_24-17_42_06
32340,ad91d460-ae3e-f948-90de-e69b9f3df9ac.png,small_photos-api_upload,1,2022_05_24-19_22_25
32635,c71359a5-2a88-e5fa-c603-8713f07ad4e2.png,small_photos-api_upload,0,2022_05_24-19_10_21
34416,6e979268-4a68-3105-4d35-b5ccadef4967.png,small_photos-api_upload,1,2022_05_24-18_27_37
36535,0c0b9fb6-a130-37d7-b7d3-fa245e920654.png,small_photos-api_upload,0,2022_05_24-18_39_34
36854,a59d281f-8b5f-da2f-cd2a-d6c161e13d3b.png,small_photos-api_upload,0,2022_05_24-19_02_21
37246,98bc7b3e-e438-47b8-c26a-e0ae2fd90b60.png,small_photos-api_upload,0,2022_05_24-17_34_52
38803,25797cc1-1395-c158-740c-74b14305be27.png,small_photos-api_upload,0,2022_05_24-18_35_16
39983,a11245db-9cfd-eef6-5a7b-532c2fa3c804.png,small_photos-api_upload,0,2022_05_24-18_53_01
40437,0ec809ab-50f9-a46d-81c8-71feb6ae9d12.png,small_photos-api_upload,0,2022_05_24-19_21_07
40646,80fe4e56-ff83-cbeb-84ce-dbedd702da19.png,small_photos-api_upload,0,2022_05_24-19_05_15
42786,bd964e36-a360-148e-609b-7d97ed1fd3ec.png,small_photos-api_upload,0,2022_05_24-17_56_28
43869,1e0f2d37-9a02-3b76-ceba-c96393799c97.png,small_photos-api_upload,0,2022_05_24-18_58_57
44222,089f1a2a-af6a-42e2-a2fc-292ba52df73b.png,small_photos-api_upload,0,2022_05_24-18_38_38
44987,98bc7b3e-e438-47b8-c26a-e0ae2fd90b60.png,small_photos-api_upload,0,2022_05_24-18_42_35
45744,0ad3735b-4bd1-d60c-2937-1ead8a61c9ab.png,small_photos-api_upload,0,2022_05_24-17_49_27
46147,f55ac66f-538c-5ac1-217d-59f4046f3475.png,small_photos-api_upload,0,2022_05_24-18_05_43
46149,34848616-85bc-2a67-824a-bc9a6b3b52eb.png,small_photos-api_upload,0,2022_05_24-19_17_23
46628,25797cc1-1395-c158-740c-74b14305be27.png,small_photos-api_upload,0,2022_05_24-18_54_58
46661,30250b9c-5717-f9ef-353b-5557f746d3f1.png,small_photos-api_upload,1,2022_05_24-19_32_55
47371,c71359a5-2a88-e5fa-c603-8713f07ad4e2.png,small_photos-api_upload,0,2022_05_24-19_18_24
47898,655e0799-34fe-04ad-7c90-312d6a87b577.png,small_photos-api_upload,0,2022_05_24-18_33_59
50612,2f7b975a-15c6-483e-bac6-425fa4e5f49d.png,small_photos-api_upload,1,2022_05_24-18_47_09
50613,2f7b975a-15c6-483e-bac6-425fa4e5f49d.png,small_photos-api_upload,0,2022_05_24-17_55_24
50840,6e979268-4a68-3105-4d35-b5ccadef4967.png,small_photos-api_upload,0,2022_05_24-17_53_22
50842,6e979268-4a68-3105-4d35-b5ccadef4967.png,small_photos-api_upload,1,2022_05_24-19_14_04
51002,6e979268-4a68-3105-4d35-b5ccadef4967.png,small_photos-api_upload,0,2022_05_24-17_55_41
51004,6e979268-4a68-3105-4d35-b5ccadef4967.png,small_photos-api_upload,1,2022_05_24-19_24_38
51005,6e979268-4a68-3105-4d35-b5ccadef4967.png,small_photos-api_upload,1,2022_05_24-18_38_56
51014,6e979268-4a68-3105-4d35-b5ccadef4967.png,small_photos-api_upload,1,2022_05_24-18_30_02
52415,202a9170-ccd4-a629-e5ba-f4d6b224eead.png,small_photos-api_upload,1,2022_05_24-18_51_31
52655,0afe9c5d-8558-5221-4ea3-5d99d795cedd.png,small_photos-api_upload,0,2022_05_24-18_04_51
52730,db91e6b3-84f7-7754-084b-16b00890d3ff.png,small_photos-api_upload,0,2022_05_24-17_30_13
53021,e780c623-5b4e-cc68-d052-16c926a1780b.png,small_photos-api_upload,0,2022_05_24-18_29_28
53022,0ec809ab-50f9-a46d-81c8-71feb6ae9d12.png,small_photos-api_upload,0,2022_05_24-18_48_18
53813,780f848b-05f8-472e-9a9b-7a5e23d15cb9.png,small_photos-api_upload,0,2022_05_24-18_09_11
55828,1a38cfe8-b596-acce-44b5-0c30754128e9.png,small_photos-api_upload,1,2022_05_24-19_37_23
56032,d9ebde94-f0e4-7d53-58ad-7306d4e6b9cf.png,small_photos-api_upload,0,2022_05_24-17_28_34
56656,e4389e9d-1017-19b1-1903-b1ebf62395da.png,small_photos-api_upload,0,2022_05_24-17_52_53
58454,b43d4968-9a2b-ef18-5cd9-3c43fc14cec5.png,small_photos-api_upload,0,2022_05_24-18_46_19
59792,b8cc7e5e-c554-ea03-0069-f0db0d33b31d.png,small_photos-api_upload,0,2022_05_24-17_30_47
62677,290e05d9-affb-d5e0-e575-7915d3c8b14a.png,small_photos-api_upload,1,2022_05_24-19_15_34
62693,290e05d9-affb-d5e0-e575-7915d3c8b14a.png,small_photos-api_upload,1,2022_05_24-19_27_01
63929,a6e4b3bd-6493-6119-4e82-c47e34199d68.png,small_photos-api_upload,0,2022_05_24-19_09_08
63932,a6e4b3bd-6493-6119-4e82-c47e34199d68.png,small_photos-api_upload,0,2022_05_24-19_32_38
64109,2a4f88b1-b27b-8e92-b029-6518680b5373.png,small_photos-api_upload,0,2022_05_24-17_45_58
67192,b9c141ff-7e7b-4d9b-5499-35ef5755cd3e.png,small_photos-api_upload,0,2022_05_24-17_27_56
67221,86dd2ae4-aaa1-aa07-e7df-f68d4926a4f2.png,small_photos-api_upload,1,2022_05_24-18_37_02
68435,573b0d32-a88d-6905-eb18-9d1c974e44a2.png,small_photos-api_upload,0,2022_05_24-17_56_53
68735,25797cc1-1395-c158-740c-74b14305be27.png,small_photos-api_upload,0,2022_05_24-19_25_46
72243,2d47d001-9531-0275-c57e-d91f1f4b17e9.png,small_photos-api_upload,0,2022_05_24-19_15_06
72879,617cfe05-3896-ca21-3766-1bd458c59cad.png,small_photos-api_upload,0,2022_05_24-17_51_55
72880,617cfe05-3896-ca21-3766-1bd458c59cad.png,small_photos-api_upload,0,2022_05_24-17_48_41
73074,290e05d9-affb-d5e0-e575-7915d3c8b14a.png,small_photos-api_upload,1,2022_05_24-18_19_43
79600,db2afc8e-8e04-3a54-e8ff-00c78f3527aa.png,small_photos-api_upload,0,2022_05_24-18_16_29
81429,fb9c5a25-e5d1-51fb-1218-9d2e4e70b8f3.png,small_photos-api_upload,1,2022_05_24-20_08_55
82781,2a4f88b1-b27b-8e92-b029-6518680b5373.png,small_photos-api_upload,1,2022_05_24-19_29_11
83017,58cee5b9-0335-d797-3185-1c874847ade1.png,small_photos-api_upload,0,2022_05_24-18_47_37
83019,d9db0453-6603-4f09-98ad-1c2f56e21403.png,small_photos-api_upload,1,2022_05_24-19_02_45
85784,4e71db00-bcc6-bee2-247c-7d9039ca9145.png,small_photos-api_upload,1,2022_05_24-19_31_50
87667,b2961815-b626-9309-2f7a-9b2062420b2b.png,small_photos-api_upload,0,2022_05_24-19_37_18
91667,cc0c3ad3-48d8-e9b2-1a27-b630493a5fb8.png,small_photos-api_upload,0,2022_05_24-19_35_31
92005,58c6a87a-6350-6f7e-3077-a747687ae18b.png,small_photos-api_upload,0,2022_05_24-18_31_26
96341,88d538f6-b1b1-9191-91f1-8c4687ec8d28.png,small_photos-api_upload,0,2022_05_24-18_25_44
96342,88d538f6-b1b1-9191-91f1-8c4687ec8d28.png,small_photos-api_upload,0,2022_05_24-19_37_29
99214,58c6a87a-6350-6f7e-3077-a747687ae18b.png,small_photos-api_upload,0,2022_05_24-19_28_34
100039,bd2e3562-c84b-6ae4-7f0d-0c30c5eb62e5.png,small_photos-api_upload,0,2022_05_24-18_06_49
100249,c01df30f-96b5-efe9-a843-920d2d6d3c80.png,small_photos-api_upload,1,2022_05_24-19_20_49
102105,cb46f1e5-735f-65fe-8225-fa106e3c4547.png,small_photos-api_upload,0,2022_05_24-18_17_24
110867,b4cc6a28-9bf0-1a45-51be-0570ed28cdaf.png,small_photos-api_upload,0,2022_05_24-18_25_16
111313,2a4f88b1-b27b-8e92-b029-6518680b5373.png,small_photos-api_upload,0,2022_05_24-18_24_00
119963,202a9170-ccd4-a629-e5ba-f4d6b224eead.png,small_photos-api_upload,0,2022_05_24-18_08_45
136344,5b39b82f-e005-dd07-c56f-9d10e90cd844.png,small_photos-api_upload,0,2022_05_24-19_32_34
136347,25fd8d81-6888-7750-73ea-55ee66c042ee.png,small_photos-api_upload,0,2022_05_24-19_35_45
137734,60010390-dccc-2fa8-b673-444ae59424fa.png,small_photos-api_upload,0,2022_05_24-18_04_00
138579,c953f6b2-dd25-fd1c-8603-ee2d691d7e6f.png,small_photos-api_upload,0,2022_05_24-19_25_57
140755,dcdf9164-0d14-d564-5e62-efd5e6ce774b.png,small_photos-api_upload,1,2022_05_24-19_28_30
160472,6f2fa0ac-857c-c6dd-681b-fe0d30370d01.png,small_photos-api_upload,0,2022_05_24-19_27_54
161461,f17dc069-f179-1dc8-52c7-82f730cafbec.png,small_photos-api_upload,0,2022_05_24-19_24_10
167167,d00ebca6-5f9a-f866-91c3-2e631e9ea79b.png,small_photos-api_upload,1,2022_05_24-19_26_31
174451,d50712c6-5f04-264b-f943-c577a0705bfc.png,small_photos-api_upload,0,2022_05_24-18_27_47
175514,5b39b82f-e005-dd07-c56f-9d10e90cd844.png,small_photos-api_upload,0,2022_05_24-19_12_33
175515,60010390-dccc-2fa8-b673-444ae59424fa.png,small_photos-api_upload,0,2022_05_24-18_07_44
175516,ef3297fa-ec82-a0d3-ee19-837efb5aa991.png,small_photos-api_upload,1,2022_05_24-18_32_08
175517,25fd8d81-6888-7750-73ea-55ee66c042ee.png,small_photos-api_upload,0,2022_05_24-17_40_02
176949,75d678a4-ff51-638c-1faa-0605fe26d8e6.png,small_photos-api_upload,1,2022_05_24-18_12_07
177182,30250b9c-5717-f9ef-353b-5557f746d3f1.png,small_photos-api_upload,1,2022_05_24-19_34_33
177183,75d678a4-ff51-638c-1faa-0605fe26d8e6.png,small_photos-api_upload,1,2022_05_24-19_04_01
178265,60010390-dccc-2fa8-b673-444ae59424fa.png,small_photos-api_upload,0,2022_05_24-19_03_30
178267,25fd8d81-6888-7750-73ea-55ee66c042ee.png,small_photos-api_upload,0,2022_05_24-17_32_35
180995,0ff59a2e-a867-7f45-0eaa-ab808c293698.png,small_photos-api_upload,1,2022_05_24-19_22_55
180998,705d1f39-d894-afea-1d2c-c4dbda4f57f9.png,small_photos-api_upload,0,2022_05_24-17_34_26
180999,1539ccac-8d89-575c-e6c0-87914eaf3cb3.png,small_photos-api_upload,0,2022_05_24-18_17_05
181000,f2e8a595-ab7e-49f9-6f91-a277a7b775eb.png,small_photos-api_upload,0,2022_05_24-19_20_05
181001,dd3a4217-f972-415f-e129-6b59939b4023.png,small_photos-api_upload,1,2022_05_24-18_57_14
189289,234d140a-3f8f-1b57-2bd8-ae31a2342f1a.png,small_photos-api_upload,0,2022_05_24-17_47_18
189291,f42edef2-3aa2-444f-af83-554281935cdc.png,small_photos-api_upload,1,2022_05_24-19_33_03
214123,143d0038-ed1e-e018-c2ac-2625a9d956de.png,small_photos-api_upload,1,2022_05_24-19_37_13
237215,e6d50c33-541f-3d0e-4b34-1c84177d5e80.png,small_photos-api_upload,0,2022_05_24-19_28_41
266389,f3653ccd-d9cb-f7fb-afc5-b3775801ad60.png,small_photos-api_upload,0,2022_05_24-17_25_22
298799,8976a398-151c-e49e-f70e-03a8f2d61719.png,small_photos-api_upload,0,2022_05_24-18_11_15
300401,8a0df99c-50d5-c8e7-5f93-e38bd1dbb552.png,small_photos-api_upload,0,2022_05_24-18_38_47
308704,e5fb0df6-71b6-ca90-f378-2ea5872c70b0.png,small_photos-api_upload,1,2022_05_24-18_42_25
