roof_id,imageURL,photos_folder,annotation,annotation_time
2,696d9474-17da-f9ff-c854-4a4ee9707153.png,small_photos,0,2022_05_31-20_24_35
65,b8126876-4511-f5a3-fc2e-df219213fce3.png,small_photos,1,2022_05_31-20_28_21
91,b592f575-c1d9-1e4c-4157-c9af24479231.png,small_photos,0,2022_05_31-19_56_33
133,9bfcb9b7-e606-e5a7-ad20-0d77f3c2e0e0.png,small_photos,1,2022_05_31-20_09_18
250,8a185d91-7b32-ba97-9dac-5146c6093ca0.png,small_photos,0,2022_05_31-20_06_18
252,dc92ff8f-ddc8-c9b6-9b30-f91b05e3cbb8.png,small_photos,1,2022_05_31-20_13_13
253,dc92ff8f-ddc8-c9b6-9b30-f91b05e3cbb8.png,small_photos,1,2022_05_31-20_31_00
303,cf24d3af-0476-1812-cb70-45e615d5cb77.png,small_photos,0,2022_05_31-20_15_23
355,21141db9-980b-9e06-8142-56e8164acedc.png,small_photos,1,2022_05_31-20_21_20
411,a87daf71-2335-ce7e-b667-01d138db1806.png,small_photos,1,2022_05_31-20_24_47
421,75da75a6-5bf9-e070-527c-6a59b6f929ec.png,small_photos,0,2022_05_31-20_05_46
446,773afebb-37b3-48d0-2999-06dfd27b4991.png,small_photos,0,2022_05_31-20_20_17
496,d657af1e-4080-418e-60c8-fbcb6ab0ce6f.png,small_photos,0,2022_05_31-20_09_54
499,b7a77137-6f9f-bfe2-ba17-ac34749f7e1d.png,small_photos,0,2022_05_31-20_22_37
502,beead957-0bd9-6c72-c434-3c0b9d3677a3.png,small_photos,0,2022_05_31-20_24_56
608,f7394557-9acc-81a5-33cb-0ad642c2f3e2.png,small_photos,1,2022_05_31-20_11_34
820,23fd8ad2-54c0-0831-e91c-b767bb54f85c.png,small_photos,0,2022_05_31-20_20_54
853,1c8e2b3c-8b3e-a333-97e2-a5695ccc322f.png,small_photos,0,2022_05_31-20_32_01
928,8e65b8ec-2f2e-7b07-ae17-0819366b56f0.png,small_photos,0,2022_05_31-20_25_56
1038,b06892a0-eeaf-842d-6c06-fa329489aeff.png,small_photos,0,2022_05_31-19_58_13
1090,3a8e288a-e7c4-3667-2e14-dee7c7039589.png,small_photos,0,2022_05_31-20_13_17
1127,5a0f3494-cd51-8102-0158-8da46f2876f4.png,small_photos,1,2022_05_31-20_13_21
1144,3ed700e6-aced-b6fd-e508-ca4f927af4c9.png,small_photos,1,2022_05_31-20_04_46
1183,c94a600e-c8f8-8dbc-021e-8f42f4eaa1be.png,small_photos,0,2022_05_31-20_31_46
1193,c6704b64-bb7d-f60b-8a79-04450cac9750.png,small_photos,0,2022_05_31-20_13_42
1195,6ee727e2-5a69-3c40-e87c-2ab585c19ba7.png,small_photos,0,2022_05_31-20_09_47
1210,228844d3-be27-012f-9653-f7d79547dae5.png,small_photos,0,2022_05_31-20_15_11
1213,b6961490-ff29-7d23-139c-2a2ce71b0928.png,small_photos,0,2022_05_31-20_26_06
1532,fb7a013c-1c48-1d8b-76be-f0c4ae361419.png,small_photos,0,2022_05_31-20_18_12
1668,1708c934-0bd1-b01c-8d0d-646c8c21d5e9.png,small_photos,0,2022_05_31-20_23_37
1706,1e4360aa-d64c-90be-2fd8-c7594176aa00.png,small_photos,1,2022_05_31-20_24_42
1727,c666e108-fbf3-e18a-0c73-28afcd52c67a.png,small_photos,0,2022_05_31-20_26_20
1851,62c7c424-0783-2989-77a8-54a2f986d84b.png,small_photos,1,2022_05_31-20_07_04
1929,a7c238a4-c671-200b-c242-0ab05ce2c2d2.png,small_photos,0,2022_05_31-20_20_00
1937,b7e789a5-de07-940b-06b3-050889decf5d.png,small_photos,0,2022_05_31-20_31_11
1951,0e48a15a-a8dc-4270-8941-feb8806a1bc1.png,small_photos,1,2022_05_31-20_03_08
1993,dd7ca335-34fb-3e8b-06a9-9a0358b0b20b.png,small_photos,0,2022_05_31-20_27_39
2019,14ccf3c4-809b-3972-1c7c-f83c3aa2619d.png,small_photos,0,2022_05_31-20_27_01
2064,fa1e2480-b580-e24e-e1a6-97ecddb984a5.png,small_photos,0,2022_05_31-20_22_23
2236,7a475608-0e58-1a16-ed9c-ed3668bacaf1.png,small_photos,1,2022_05_31-20_27_47
2384,21d756dc-369c-a356-533f-db145242def5.png,small_photos,0,2022_05_31-20_18_40
2415,3b1ba17d-6132-a13b-69ac-6350ed309b10.png,small_photos,1,2022_05_31-20_07_22
2474,55bbe7f5-5889-0f85-1776-93269cb4649b.png,small_photos,1,2022_05_31-20_06_51
2475,6a2c2c65-ed7f-da10-ddbd-9b312976d2e4.png,small_photos,1,2022_05_31-20_26_16
2627,71d3c549-3f07-a8c8-5f8b-53be1de16e9f.png,small_photos,0,2022_05_31-20_29_51
2703,840b5764-38bc-4635-8ca2-9698ea96128d.png,small_photos,0,2022_05_31-19_57_08
2727,d5beedce-1f55-2a67-87ef-7dd6cb20ad18.png,small_photos,1,2022_05_31-20_03_29
2751,777c7045-8d1a-5700-265f-9225949ecc93.png,small_photos,0,2022_05_31-20_14_33
2815,b2c756d2-4495-7ba5-efc4-22fc059be1a6.png,small_photos,1,2022_05_31-20_11_43
2901,a6a864d4-1446-32c7-641b-5d385932aa0a.png,small_photos,0,2022_05_31-19_57_25
2923,457d3ac3-cba6-3cd4-c4b4-86ab35b1524a.png,small_photos,0,2022_05_31-20_09_09
3042,0ed5dc03-0336-9185-5c8d-7d6046808ecc.png,small_photos,0,2022_05_31-20_06_31
3075,dfac689a-9d36-ecb1-9851-9c9644958a93.png,small_photos,0,2022_05_31-20_15_14
3087,5b2b4047-3abc-4ec9-db81-467a91515f39.png,small_photos,1,2022_05_31-20_16_48
3151,7c7efe2e-2887-1dcb-83c8-3f67b868b997.png,small_photos,0,2022_05_31-20_00_16
3153,58a8f4a0-500c-818e-5b58-c8f80488b982.png,small_photos,0,2022_05_31-20_08_53
3253,83e49ca4-2d61-82be-b8b8-aa38f277e4c2.png,small_photos,1,2022_05_31-20_25_01
3343,7b41eb6e-f4c7-7494-5fbd-09e043eca66a.png,small_photos,1,2022_05_31-20_25_47
3346,e4b2ec72-3e75-d117-5aa8-895089ed532e.png,small_photos,1,2022_05_31-20_15_40
3466,415eac2c-7cf5-cc70-9380-e973ab29dca4.png,small_photos,0,2022_05_31-20_28_13
3545,400d72ab-ac74-1ce9-0c0c-6bec31887ceb.png,small_photos,1,2022_05_31-20_01_59
3599,f6d9a719-2802-b642-7a31-7f2712095c1d.png,small_photos,1,2022_05_31-20_01_18
3699,22e75e6d-bca6-99fe-49ce-33851155ed31.png,small_photos,0,2022_05_31-20_15_45
3707,03f95321-fc80-92ac-e7a6-f8b47e9bd8ef.png,small_photos,0,2022_05_31-20_23_44
3861,40078cbe-024a-ea97-050a-1cfdf47461be.png,small_photos,0,2022_05_31-20_25_16
3880,a9b42280-3fbf-2a72-90a7-8ed6adde91ae.png,small_photos,1,2022_05_31-20_14_25
3913,cfb1867d-81cf-c9d1-4d73-834c33197e5a.png,small_photos,1,2022_05_31-20_30_44
3930,9f76e4ba-2120-7eba-b44d-502ce3e6bbe6.png,small_photos,0,2022_05_31-20_30_09
3963,65efacd0-2f51-9ec9-2c00-b9e53cde07be.png,small_photos,0,2022_05_31-20_01_11
3990,52fb8664-3cd2-4008-8f67-7b0d1e849a24.png,small_photos,0,2022_05_31-20_21_59
4097,5d0ca1e1-54de-8bc9-415b-342e47b799cb.png,small_photos,0,2022_05_31-20_25_26
4187,e215e98a-653f-6162-3c61-5fda0331f20a.png,small_photos,0,2022_05_31-19_56_24
4217,688b3b77-1041-9d1b-34e2-5d5621f1b7b4.png,small_photos,0,2022_05_31-20_09_51
4294,b43d4968-9a2b-ef18-5cd9-3c43fc14cec5.png,small_photos,0,2022_05_31-20_18_36
4354,e34784ee-fbfa-7c52-a233-6e23c5bd2d79.png,small_photos,1,2022_05_31-20_27_09
4503,c18c90b2-6ddf-5240-a115-a73015885f84.png,small_photos,0,2022_05_31-20_22_43
4535,882e9457-6b98-45e2-f71e-0643a6c5abae.png,small_photos,0,2022_05_31-20_13_04
4582,290e05d9-affb-d5e0-e575-7915d3c8b14a.png,small_photos,1,2022_05_31-20_23_33
4599,d9362591-d27c-94df-e559-5745730fddba.png,small_photos,1,2022_05_31-20_07_27
4619,db7708fa-a845-35a2-7b21-9958a02f165e.png,small_photos,0,2022_05_31-20_29_26
4801,cbb45659-123e-0e2d-e194-7a624128ce8a.png,small_photos,0,2022_05_31-20_22_32
4805,ec8f851d-bb11-aa4b-bcd4-cfddb6ab6143.png,small_photos,1,2022_05_31-20_29_32
4954,4838b754-6714-0d3f-03f5-bdb47c2be25a.png,small_photos,1,2022_05_31-20_15_55
4956,34273701-7676-fe19-4cc9-632edbb84388.png,small_photos,0,2022_05_31-20_28_55
4968,5138a9fd-015a-706b-d990-be0718e10428.png,small_photos,1,2022_05_31-20_20_34
4976,12be76f1-f117-91ce-11e6-ee165e6b0b2c.png,small_photos,0,2022_05_31-20_26_32
4990,6b9f84d9-ae13-bbef-a527-971d55bb8b3a.png,small_photos,0,2022_05_31-20_00_20
5032,7778a0a9-d4d6-4b1d-40cb-b36d2b9f980f.png,small_photos,0,2022_05_31-20_16_13
5048,7778a0a9-d4d6-4b1d-40cb-b36d2b9f980f.png,small_photos,0,2022_05_31-20_25_09
5058,7778a0a9-d4d6-4b1d-40cb-b36d2b9f980f.png,small_photos,0,2022_05_31-20_13_00
5092,6dc8b13f-3dde-00dd-7c76-e1a976b43e2f.png,small_photos,0,2022_05_31-20_20_39
5141,6cbed737-c14e-245f-c6bd-a2691de29ba4.png,small_photos,1,2022_05_31-20_07_49
5211,44b24de8-c6ed-2e70-9f77-4c5d2de7643f.png,small_photos,0,2022_05_31-20_19_05
5366,fb3f8daa-c388-ac3f-0c9b-bdc3c1a6fae6.png,small_photos,1,2022_05_31-20_10_19
5418,825144a0-1d8c-d3f2-165d-f956ab4e2aef.png,small_photos,1,2022_05_31-20_11_39
5622,31d402ec-d287-75c9-0b80-0499b1d4bf47.png,small_photos,0,2022_05_31-19_56_51
5667,305caa71-f449-d6c0-9d75-f2c86d56a19f.png,small_photos,0,2022_05_31-20_27_36
5754,18cbf658-4ecd-7961-d380-ebe489b1268f.png,small_photos,1,2022_05_31-20_26_40
5813,e6d50c33-541f-3d0e-4b34-1c84177d5e80.png,small_photos,0,2022_05_31-20_26_35
5815,ce50659a-919c-5c0f-2cc3-f3504e3b7dd5.png,small_photos,0,2022_05_31-20_26_23
5898,e805affa-24aa-f545-b82a-2adef9dbba4a.png,small_photos,0,2022_05_31-20_15_31
6213,f1fad2c2-8464-a7cb-85b4-d1e09ddf6341.png,small_photos,1,2022_05_31-20_22_05
6237,dcdf9164-0d14-d564-5e62-efd5e6ce774b.png,small_photos,0,2022_05_31-20_18_56
6331,09e4b806-b4cb-17a2-6d26-519db44ae08c.png,small_photos,0,2022_05_31-20_19_20
6332,d77f0436-bff9-557e-2d1c-9e5b402e5b82.png,small_photos,0,2022_05_31-20_24_17
6344,bca67043-1137-4ba5-5a4c-00eb19048846.png,small_photos,0,2022_05_31-20_25_40
6351,332b0c43-dfd9-aabd-e2a3-5479dc2e1eee.png,small_photos,1,2022_05_31-20_27_50
6427,f32fc355-3c08-7e71-d8f0-0b792f8a47bc.png,small_photos,1,2022_05_31-20_16_00
6575,7bcbc710-a93c-754e-6ab0-761046a9b75b.png,small_photos,0,2022_05_31-20_23_02
6590,f1bbe6c4-cb9a-0386-1c8f-4033f51c004b.png,small_photos,1,2022_05_31-20_10_38
6824,3d2aa0c1-762f-0551-2854-e0a5abe095db.png,small_photos,1,2022_05_31-20_21_40
6846,9608b802-9b85-34f1-59cc-eb3290a1ae2e.png,small_photos,0,2022_05_31-19_59_27
6902,abb17234-b56a-8d1f-3d89-f71b96fdfb0c.png,small_photos,0,2022_05_31-20_24_08
6905,ddb7e4b7-62dc-726b-670e-7530596782f3.png,small_photos,1,2022_05_31-20_09_40
6915,54d4e870-9e7c-7b06-a674-37026deafefe.png,small_photos,0,2022_05_31-20_17_36
6947,82e700a2-8375-fe40-8205-c638776e5e44.png,small_photos,0,2022_05_31-20_31_54
7073,62bc6469-eb15-c0ac-606b-ddee2a3fd85d.png,small_photos,0,2022_05_31-20_17_43
7102,2261ea18-c552-2c22-022f-738cce32f069.png,small_photos,0,2022_05_31-20_24_21
7118,14a3f9e5-e54d-9422-f3f1-060fb0335d13.png,small_photos,0,2022_05_31-20_20_12
7186,496f2784-52b4-b3b9-593d-4179ac7fd057.png,small_photos,0,2022_05_31-20_17_17
7187,559eda01-452c-8c3b-b6cb-9e54cee4b617.png,small_photos,0,2022_05_31-20_06_13
7232,d15e0222-1707-cd42-c249-840c65460436.png,small_photos,1,2022_05_31-20_06_46
7239,4d311d4f-6a2e-d429-8239-a90a188eda15.png,small_photos,0,2022_05_31-20_21_09
7463,77535de9-e84f-b336-f32e-26eb7812d3d5.png,small_photos,1,2022_05_31-19_58_22
7626,ac8d53e3-3053-6ebf-9f7a-00f941f6041b.png,small_photos,0,2022_05_31-20_14_09
7664,f54d193b-02d1-58d5-8929-b9742ee4eaf9.png,small_photos,1,2022_05_31-20_05_51
7728,1abe563b-3d09-122e-6bf6-de4471177b6a.png,small_photos,0,2022_05_31-20_29_11
7847,e50fdeed-a902-fadc-d129-c919cf5fd5ce.png,small_photos,1,2022_05_31-20_15_49
7872,ad8d195f-eedb-1f25-a8d2-6d7f1821cc1c.png,small_photos,1,2022_05_31-19_57_14
7881,d661557f-fbaa-0507-b3c5-2bb595f36456.png,small_photos,1,2022_05_31-20_11_28
7929,be117c0d-dfef-8a75-7699-3d6fb2f23e36.png,small_photos,0,2022_05_31-20_24_32
7955,72d00543-67c8-bee5-f9f8-8d664905f585.png,small_photos,0,2022_05_31-20_19_17
8082,9ab9515d-cffa-67dd-b73f-b778d77414d6.png,small_photos,0,2022_05_31-20_29_41
8158,2a56807d-6662-63e2-ffb5-d090a47e0bb2.png,small_photos,1,2022_05_31-20_17_31
8175,6ce046eb-ff8f-c1af-51e1-da5ae0221991.png,small_photos,1,2022_05_31-20_28_27
8211,5c10520e-6501-5ec0-727e-19172dda874b.png,small_photos,1,2022_05_31-20_12_38
8248,2fe6eb62-de11-d60a-ab05-41fa723fc94a.png,small_photos,0,2022_05_31-20_30_12
8255,4ac08488-010d-c1a8-ae72-90c5be99f2b8.png,small_photos,0,2022_05_31-20_02_58
8279,770f244b-b08d-8641-eb7d-ad3ef6463050.png,small_photos,0,2022_05_31-20_31_40
8307,44aadbc0-3b52-da69-92f2-cf928846dde6.png,small_photos,0,2022_05_31-20_19_35
8377,9a04b012-fe24-2ea3-40a4-df000a460455.png,small_photos,1,2022_05_31-19_57_19
8409,016c5037-1ac6-8983-5229-416fc91766ab.png,small_photos,0,2022_05_31-20_00_13
8472,c57a6f20-affa-e645-9f3c-da2115904bfc.png,small_photos,0,2022_05_31-19_59_40
8506,71c103ec-a53b-01e4-b560-159c9dd5a82b.png,small_photos,0,2022_05_31-20_16_56
8508,3e191ed6-561b-be9d-c873-fca89d9a7cd8.png,small_photos,0,2022_05_31-19_59_17
8627,93ab3d46-50b7-e111-2785-a8801e0b3a99.png,small_photos,1,2022_05_31-20_19_13
8656,85a639dc-74fd-9dde-2b1c-df5986113439.png,small_photos,0,2022_05_31-20_19_56
8742,65bf23dd-4174-c803-4484-1e2997e65fbb.png,small_photos,1,2022_05_31-20_10_42
8896,3af05690-74f6-05f4-b6d1-3ee7ac671021.png,small_photos,0,2022_05_31-20_17_55
8964,1e6398b4-5393-1c36-2ce9-97f700ddedaa.png,small_photos,1,2022_05_31-20_18_32
9093,fdbc5521-b4b3-37ec-f728-73f092d146ab.png,small_photos,0,2022_05_31-20_09_33
9106,1539ccac-8d89-575c-e6c0-87914eaf3cb3.png,small_photos,0,2022_05_31-20_32_12
9112,9df3e0e0-2210-c063-3bd2-d894a7691f69.png,small_photos,0,2022_05_31-20_09_26
9158,8e759bc8-488e-16e9-972a-f41cbbaf303d.png,small_photos,0,2022_05_31-20_14_04
9180,cb92bd46-9da6-6ebd-c38a-a18c7f40c295.png,small_photos,0,2022_05_31-20_13_28
9212,88c40f6c-d1a1-e95f-ebc6-0d4149160ef6.png,small_photos,0,2022_05_31-20_13_33
9222,774104fc-91cd-0c23-9017-b49bdb0fcb43.png,small_photos,0,2022_05_31-20_07_41
9253,54ca3007-dd28-cb87-f37e-af1b94738df6.png,small_photos,1,2022_05_31-20_20_06
9259,887e957a-8f48-de01-fe4b-9a84a4239dbe.png,small_photos,0,2022_05_31-20_01_26
9387,4028e19c-5340-e117-ca33-8fc48038ee7a.png,small_photos,0,2022_05_31-20_12_33
9409,3b8aef4d-d399-6d28-b855-e4c6148e424e.png,small_photos,0,2022_05_31-20_29_00
9451,b41e012b-add2-3812-1438-f4d569219180.png,small_photos,0,2022_05_31-20_20_27
9580,38ea97b4-a822-04bd-4942-9d1c2751c208.png,small_photos,0,2022_05_31-20_07_15
9596,37706e3e-94f6-195b-1b85-c2b3bc3d3c9f.png,small_photos,0,2022_05_31-20_20_23
9643,9169fbf1-08ae-a37c-a505-297f694de0e4.png,small_photos,1,2022_05_31-20_05_06
9764,e83b53fd-c227-5bf1-ffb5-3a126abe3781.png,small_photos,1,2022_05_31-20_03_03
9766,fd0126c9-52bf-2913-0808-bf18ac90c216.png,small_photos,0,2022_05_31-20_19_52
9878,424841ea-dc77-62b2-4ca5-51ce98ed12c5.png,small_photos,0,2022_05_31-20_14_58
9936,f86342cf-a9cc-71ee-8cb5-7d20a8bb1603.png,small_photos,0,2022_05_31-20_17_40
10061,2456ceb4-a23d-8752-cfb8-98fe64ccbad6.png,small_photos,0,2022_05_31-19_59_47
10067,714b205f-e620-ea5b-c571-a0228a4f11ed.png,small_photos,0,2022_05_31-20_19_38
10206,66cfc2a9-70a0-9d73-27bc-5b00a58ee968.png,small_photos,0,2022_05_31-19_56_56
10333,3896d52f-6630-1e21-4092-97abe9469a05.png,small_photos,0,2022_05_31-20_06_28
10366,b9bb0329-24e2-e1d5-3b05-686807a8b029.png,small_photos,0,2022_05_31-19_56_40
10369,a98e6b33-4473-49b3-9170-05446e28b716.png,small_photos,0,2022_05_31-20_07_10
10456,947c5045-9c9f-395f-f379-3ac9013c913d.png,small_photos,0,2022_05_31-20_06_38
10467,06dd07d4-ac95-7bac-5d4d-300d9a675282.png,small_photos,0,2022_05_31-20_15_28
10594,288fea76-352f-4e98-e104-a4d943225c39.png,small_photos,0,2022_05_31-20_26_03
10631,e739e145-562a-a1bd-d5d7-fb9e0b2f205b.png,small_photos,1,2022_05_31-19_57_03
10635,b22853ac-bdf6-b446-0ecf-91945362cd4a.png,small_photos,0,2022_05_31-20_15_18
10663,1f13e72c-0859-73c3-5019-4d7aee901516.png,small_photos,0,2022_05_31-20_07_31
10679,1511ebc7-c553-5c03-ddb4-21b003f2e5c1.png,small_photos,0,2022_05_31-20_21_32
10757,28b4ffae-4ee3-6bf4-354c-96f8b728d383.png,small_photos,1,2022_05_31-20_23_19
10784,21e9d72a-8b22-470d-81b7-6a9d035574b3.png,small_photos,0,2022_05_31-20_10_51
10971,56e7650a-f883-2c58-88b5-fc2621de4fda.png,small_photos,0,2022_05_31-20_30_25
10987,62e6e528-7f04-b097-6382-ae457ce124ac.png,small_photos,1,2022_05_31-20_05_15
11015,36614f28-4bf8-4ac1-60d1-2e270cb51f0f.png,small_photos,0,2022_05_31-20_22_58
11024,ce20257c-a508-445f-9089-f60ced1e2746.png,small_photos,0,2022_05_31-20_32_05
11025,7acc82a9-ffe3-a810-2fc8-823ca6be2dd0.png,small_photos,0,2022_05_31-20_24_52
11026,7acc82a9-ffe3-a810-2fc8-823ca6be2dd0.png,small_photos,0,2022_05_31-19_59_22
11045,6f053135-c920-1b32-6422-ea92023e0797.png,small_photos,0,2022_05_31-20_20_47
11090,a4fdeccf-df2e-ce39-2554-e790a005cbed.png,small_photos,0,2022_05_31-20_02_03
11156,4d1be734-892d-52dc-dbe5-e4255e1bcad0.png,small_photos,0,2022_05_31-20_17_47
11234,0f123c22-9d5d-bdcc-4c6a-be046b3c5a65.png,small_photos,1,2022_05_31-20_32_18
11246,13dc5a42-f0f9-276a-a9cf-52e73d271f22.png,small_photos,1,2022_05_31-19_59_13
11406,ca73c88f-6e0e-6372-9c22-c7c7449bced6.png,small_photos,1,2022_05_31-20_24_00
11498,273db9ba-7558-1920-d048-149e70d4a906.png,small_photos,0,2022_05_31-20_26_46
11571,939c4dba-a060-79f6-f804-4d5dd2851be4.png,small_photos,1,2022_05_31-20_22_48
11701,2981b8dd-539d-20cf-b03e-82418faee3fa.png,small_photos,1,2022_05_31-20_06_57
11760,1b37368c-c464-5756-14fa-6647f634857d.png,small_photos,1,2022_05_31-20_30_37
11856,8bcd34db-90f5-302e-088b-a990c85c5baf.png,small_photos,1,2022_05_31-20_29_23
11893,3318caea-8345-2a82-cf5c-05541b3b3180.png,small_photos,0,2022_05_31-20_24_12
11909,abf8b412-ae6b-7a29-ea12-ca5aaa919de7.png,small_photos,0,2022_05_31-20_30_29
12009,5d053862-8d32-8d7d-c18c-e1b4468be5b9.png,small_photos,0,2022_05_31-20_25_51
12024,83e3f394-6b87-2c81-abd5-2c0e53d6dcdb.png,small_photos,0,2022_05_31-20_25_06
12171,d474e870-2a21-a802-747a-338fd8d03688.png,small_photos,0,2022_05_31-20_20_50
12182,b6e1e591-34ab-dd93-24e6-97d5006b2ab8.png,small_photos,0,2022_05_31-20_31_58
12184,0d3270fc-a790-94a4-b18c-2703cb302380.png,small_photos,0,2022_05_31-20_22_19
12266,fb406f98-0a30-7b7c-d05a-922954817e5e.png,small_photos,0,2022_05_31-20_16_20
12305,15fd720c-7ae7-f70a-8b01-9cab26975eda.png,small_photos,1,2022_05_31-20_14_38
12429,88a1096d-3839-ca5d-2233-159b8689ca41.png,small_photos,0,2022_05_31-19_59_31
12484,ea065c28-5145-3239-b472-d78f3ef256d0.png,small_photos,1,2022_05_31-20_02_52
12526,773146c1-3d03-d794-b7e2-6d2b8efa3743.png,small_photos,0,2022_05_31-20_16_09
12558,f9efc460-0a8a-8a67-48a3-d7959603cde0.png,small_photos,0,2022_05_31-20_16_29
13367,abf8b412-ae6b-7a29-ea12-ca5aaa919de7.png,small_photos,0,2022_05_31-20_26_49
15381,a60b6d60-8619-6a90-645f-b1455058f018.png,small_photos,0,2022_05_31-20_06_02
17675,2a7bc8bd-1870-f302-192c-75d03273ed05.png,small_photos,0,2022_05_31-20_20_30
17758,6c85a594-bb37-9882-5544-458faa84202a.png,small_photos,0,2022_05_31-20_22_28
21109,530acacf-1627-c234-6035-c8d59a348cf0.png,small_photos,0,2022_05_31-20_04_52
22481,3a8e288a-e7c4-3667-2e14-dee7c7039589.png,small_photos,0,2022_05_31-20_07_35
23100,dde693c4-9165-f77b-4a6c-d0d267845677.png,small_photos,0,2022_05_31-20_30_23
24400,b8cce48b-ed7b-21ae-33f9-fa6201b1b53f.png,small_photos,0,2022_05_31-20_06_07
30930,2ffff8cc-756e-d74d-7d2a-5ecec4aa80b3.png,small_photos,0,2022_05_31-20_19_00
33113,d68ba744-e828-661a-a3b3-36b3afa4083d.png,small_photos,1,2022_05_31-20_16_52
36534,c3d18ec3-a2ed-d372-3b5c-77120720ec65.png,small_photos,0,2022_05_31-20_21_56
37254,8f70175f-3b4d-9614-5135-67b2679d59f4.png,small_photos,1,2022_05_31-20_28_02
38676,d72d3db7-7c9c-0a1e-6758-85435d8d4df9.png,small_photos,0,2022_05_31-20_16_16
42590,28e778a7-6e22-4669-5e6e-8f0944323b52.png,small_photos,0,2022_05_31-20_07_45
46148,34848616-85bc-2a67-824a-bc9a6b3b52eb.png,small_photos,0,2022_05_31-20_18_15
51003,6e979268-4a68-3105-4d35-b5ccadef4967.png,small_photos,1,2022_05_31-20_10_46
54894,ddb7e4b7-62dc-726b-670e-7530596782f3.png,small_photos,1,2022_05_31-20_30_03
55920,87f23213-2a48-df46-f532-905f3db619e9.png,small_photos,0,2022_05_31-20_13_38
56656,e4389e9d-1017-19b1-1903-b1ebf62395da.png,small_photos,0,2022_05_31-20_31_51
59791,b7a77137-6f9f-bfe2-ba17-ac34749f7e1d.png,small_photos,0,2022_05_31-20_17_51
61250,3b2223ff-62fa-3da4-57b7-8e82c9f93a4d.png,small_photos,1,2022_05_31-20_14_51
67221,86dd2ae4-aaa1-aa07-e7df-f68d4926a4f2.png,small_photos,1,2022_05_31-19_59_58
68432,573b0d32-a88d-6905-eb18-9d1c974e44a2.png,small_photos,0,2022_05_31-20_31_08
116013,f3653ccd-d9cb-f7fb-afc5-b3775801ad60.png,small_photos,0,2022_05_31-20_17_21
136344,5b39b82f-e005-dd07-c56f-9d10e90cd844.png,small_photos,0,2022_05_31-20_31_36
161458,942fda24-6b50-06fa-76b3-89a4e5dbe190.png,small_photos,1,2022_05_31-20_18_05
180996,f1fad2c2-8464-a7cb-85b4-d1e09ddf6341.png,small_photos,1,2022_05_31-20_13_51
189291,f42edef2-3aa2-444f-af83-554281935cdc.png,small_photos,1,2022_05_31-20_26_28
233194,ac1e7316-53db-e5c3-2259-d10a91a50fb2.png,small_photos,0,2022_05_31-20_29_06
266389,f3653ccd-d9cb-f7fb-afc5-b3775801ad60.png,small_photos,0,2022_05_31-20_28_08
266390,f3653ccd-d9cb-f7fb-afc5-b3775801ad60.png,small_photos,0,2022_05_31-20_16_25
308704,e5fb0df6-71b6-ca90-f378-2ea5872c70b0.png,small_photos,1,2022_05_31-20_30_17
