roof_id,imageURL,photos_folder,annotation,annotation_time
2,696d9474-17da-f9ff-c854-4a4ee9707153.png,small_photos,0,2022_05_31-20_24_35
65,b8126876-4511-f5a3-fc2e-df219213fce3.png,small_photos,1,2022_05_31-20_28_21
91,b592f575-c1d9-1e4c-4157-c9af24479231.png,small_photos,0,2022_05_31-19_56_33
113,42e54e4d-41fb-c02e-9c74-cf854133c89f.png,small_photos,0,2022_05_31-22_31_35
133,9bfcb9b7-e606-e5a7-ad20-0d77f3c2e0e0.png,small_photos,1,2022_05_31-20_09_18
215,de334bbb-dbca-0fb6-0f93-934b9b3297e2.png,small_photos,1,2022_05_31-20_33_53
247,cf24d3af-0476-1812-cb70-45e615d5cb77.png,small_photos,0,2022_05_31-20_43_29
250,8a185d91-7b32-ba97-9dac-5146c6093ca0.png,small_photos,0,2022_05_31-20_06_18
252,dc92ff8f-ddc8-c9b6-9b30-f91b05e3cbb8.png,small_photos,1,2022_05_31-20_13_13
253,dc92ff8f-ddc8-c9b6-9b30-f91b05e3cbb8.png,small_photos,1,2022_05_31-20_31_00
281,cc0c3ad3-48d8-e9b2-1a27-b630493a5fb8.png,small_photos,0,2022_05_31-22_36_17
302,cf24d3af-0476-1812-cb70-45e615d5cb77.png,small_photos,0,2022_05_31-21_52_07
303,cf24d3af-0476-1812-cb70-45e615d5cb77.png,small_photos,0,2022_05_31-20_15_23
309,15363217-2da0-c710-41ea-bc143908c820.png,small_photos,0,2022_05_31-20_41_39
355,21141db9-980b-9e06-8142-56e8164acedc.png,small_photos,1,2022_05_31-20_21_20
383,5849826a-dfe3-dc05-5fc8-5aac85df5d3c.png,small_photos,0,2022_05_31-22_36_05
388,fb9ce683-9fc1-170d-87f5-112692f97521.png,small_photos,0,2022_05_31-22_21_13
411,a87daf71-2335-ce7e-b667-01d138db1806.png,small_photos,1,2022_05_31-20_24_47
421,75da75a6-5bf9-e070-527c-6a59b6f929ec.png,small_photos,0,2022_05_31-20_05_46
446,773afebb-37b3-48d0-2999-06dfd27b4991.png,small_photos,0,2022_05_31-20_20_17
496,d657af1e-4080-418e-60c8-fbcb6ab0ce6f.png,small_photos,0,2022_05_31-20_09_54
498,0c6fe794-e3bc-30e3-a924-6fbbc3afc06a.png,small_photos,1,2022_05_31-20_40_01
499,b7a77137-6f9f-bfe2-ba17-ac34749f7e1d.png,small_photos,0,2022_05_31-20_22_37
502,beead957-0bd9-6c72-c434-3c0b9d3677a3.png,small_photos,0,2022_05_31-20_24_56
508,5e84ede5-a90d-f768-c9b7-4ab9db4cd69f.png,small_photos,0,2022_05_31-22_22_00
602,3a8e288a-e7c4-3667-2e14-dee7c7039589.png,small_photos,0,2022_05_31-22_03_24
608,f7394557-9acc-81a5-33cb-0ad642c2f3e2.png,small_photos,1,2022_05_31-20_11_34
630,e2b4507c-0bc2-3e49-5a7c-3c1b20bf1a51.png,small_photos,0,2022_05_31-22_19_25
675,038ebfe3-036f-0e12-e3d5-5b69899bf3a3.png,small_photos,0,2022_05_31-20_35_11
687,30845b86-4a30-e593-4f45-c26b01ac63a2.png,small_photos,0,2022_05_31-22_30_50
753,956016c1-02b1-cf35-6371-f71ce26704f7.png,small_photos,0,2022_05_31-22_00_30
766,2a56807d-6662-63e2-ffb5-d090a47e0bb2.png,small_photos,1,2022_05_31-22_22_09
781,b2422468-f180-f836-0f1c-2374b35d124a.png,small_photos,0,2022_05_31-22_18_24
788,6b12d03d-69d6-c452-74f1-f2ad541d8451.png,small_photos,0,2022_05_31-21_52_39
815,36edccca-4254-c49b-2731-8904bb5303c9.png,small_photos,0,2022_05_31-22_21_38
820,23fd8ad2-54c0-0831-e91c-b767bb54f85c.png,small_photos,0,2022_05_31-20_20_54
853,1c8e2b3c-8b3e-a333-97e2-a5695ccc322f.png,small_photos,0,2022_05_31-20_32_01
854,9c0d9f66-2936-5ddb-6a26-cd9397f577b6.png,small_photos,0,2022_05_31-21_57_17
863,ed86bf2a-e806-0bf4-0827-e83ef52c1bf4.png,small_photos,1,2022_05_31-20_39_25
879,4a8e4d5f-fc43-4138-354d-e99f7fab45cc.png,small_photos,1,2022_05_31-21_56_26
928,8e65b8ec-2f2e-7b07-ae17-0819366b56f0.png,small_photos,0,2022_05_31-20_25_56
958,0581f56e-3993-85d8-0caf-4462cec963af.png,small_photos,0,2022_05_31-22_20_33
961,5716a707-6e0e-e5aa-b46e-772aae7a5167.png,small_photos,0,2022_05_31-22_18_52
994,61411de9-f22e-9be4-fc91-3f5c28895a85.png,small_photos,0,2022_05_31-20_43_15
998,25e437d7-89e1-1ab3-d662-8a4e2625c751.png,small_photos,0,2022_05_31-21_55_49
1001,d2041fc0-c19b-4cd3-fc2d-48f474074439.png,small_photos,1,2022_05_31-22_38_22
1009,5ab19256-84d6-02f2-5f24-a879bb719f54.png,small_photos,0,2022_05_31-21_56_30
1038,b06892a0-eeaf-842d-6c06-fa329489aeff.png,small_photos,0,2022_05_31-19_58_13
1075,f195cfb9-10f2-17ff-6c45-fe954c599863.png,small_photos,0,2022_05_31-20_41_18
1090,3a8e288a-e7c4-3667-2e14-dee7c7039589.png,small_photos,0,2022_05_31-20_13_17
1124,e823a627-f63b-cbb0-c2f5-06edd2ca88ce.png,small_photos,1,2022_05_31-20_42_36
1126,e823a627-f63b-cbb0-c2f5-06edd2ca88ce.png,small_photos,1,2022_05_31-22_18_38
1127,5a0f3494-cd51-8102-0158-8da46f2876f4.png,small_photos,1,2022_05_31-20_13_21
1144,3ed700e6-aced-b6fd-e508-ca4f927af4c9.png,small_photos,1,2022_05_31-20_04_46
1178,d25816b9-772f-f963-9b2f-daec46c0a649.png,small_photos,0,2022_05_31-20_41_25
1183,c94a600e-c8f8-8dbc-021e-8f42f4eaa1be.png,small_photos,0,2022_05_31-20_31_46
1193,c6704b64-bb7d-f60b-8a79-04450cac9750.png,small_photos,0,2022_05_31-20_13_42
1195,6ee727e2-5a69-3c40-e87c-2ab585c19ba7.png,small_photos,0,2022_05_31-20_09_47
1210,228844d3-be27-012f-9653-f7d79547dae5.png,small_photos,0,2022_05_31-20_15_11
1213,b6961490-ff29-7d23-139c-2a2ce71b0928.png,small_photos,0,2022_05_31-20_26_06
1228,c6704b64-bb7d-f60b-8a79-04450cac9750.png,small_photos,0,2022_05_31-22_02_02
1242,d69e7f5a-8bba-cfd1-adee-a1c8fa1640d8.png,small_photos,1,2022_05_31-20_35_42
1270,04a85137-ab66-cdc9-28d2-4a0338308c2a.png,small_photos,0,2022_05_31-21_56_34
1285,21bf4027-c9fb-9863-efd7-a1dacab9daf5.png,small_photos,0,2022_05_31-22_02_26
1331,7221ccea-3daf-6dd0-8557-955ed1fc0ee2.png,small_photos,0,2022_05_31-22_10_29
1386,4591efa5-3b71-d244-cdcf-65ccf4cfcd46.png,small_photos,1,2022_05_31-20_43_03
1413,465be555-4f25-1694-7e55-7b94e29650af.png,small_photos,0,2022_05_31-21_59_20
1432,b800a03b-eba3-f7e8-963a-d4376169a889.png,small_photos,0,2022_05_31-22_29_25
1433,5073a434-d320-52f9-903f-4ddd27585b22.png,small_photos,0,2022_05_31-22_20_22
1453,fb38e61f-34e1-457c-451c-47a0032b2c02.png,small_photos,0,2022_05_31-22_22_14
1516,543f51c9-9750-0e43-b2fd-99e9b8c78c28.png,small_photos,0,2022_05_31-22_28_31
1532,fb7a013c-1c48-1d8b-76be-f0c4ae361419.png,small_photos,0,2022_05_31-20_18_12
1590,58fe6749-5579-da15-57ef-4a59bc5e30fe.png,small_photos,0,2022_05_31-22_05_40
1626,ada69030-0f35-4343-27b3-51d110b998ef.png,small_photos,1,2022_05_31-22_15_34
1668,1708c934-0bd1-b01c-8d0d-646c8c21d5e9.png,small_photos,0,2022_05_31-20_23_37
1703,6142a62d-818c-8bb2-1c49-616c3e5d8eb9.png,small_photos,1,2022_05_31-22_39_14
1706,1e4360aa-d64c-90be-2fd8-c7594176aa00.png,small_photos,1,2022_05_31-20_24_42
1727,c666e108-fbf3-e18a-0c73-28afcd52c67a.png,small_photos,0,2022_05_31-20_26_20
1767,de378770-ffab-a255-2cc9-8e36e4cdcf16.png,small_photos,0,2022_05_31-20_42_56
1828,cb972ed3-8e94-be24-4fee-70bb27548c6e.png,small_photos,1,2022_05_31-22_14_04
1835,18cb9a14-242a-4cca-c73c-333ac2dfdc6e.png,small_photos,0,2022_05_31-20_32_59
1851,62c7c424-0783-2989-77a8-54a2f986d84b.png,small_photos,1,2022_05_31-20_07_04
1929,a7c238a4-c671-200b-c242-0ab05ce2c2d2.png,small_photos,0,2022_05_31-20_20_00
1937,b7e789a5-de07-940b-06b3-050889decf5d.png,small_photos,0,2022_05_31-20_31_11
1951,0e48a15a-a8dc-4270-8941-feb8806a1bc1.png,small_photos,1,2022_05_31-20_03_08
1993,dd7ca335-34fb-3e8b-06a9-9a0358b0b20b.png,small_photos,0,2022_05_31-20_27_39
2019,14ccf3c4-809b-3972-1c7c-f83c3aa2619d.png,small_photos,0,2022_05_31-20_27_01
2064,fa1e2480-b580-e24e-e1a6-97ecddb984a5.png,small_photos,0,2022_05_31-20_22_23
2138,6d16ea79-1c4f-864c-f1a0-73c462793968.png,small_photos,1,2022_05_31-22_06_24
2178,e31828e8-590f-b719-eff8-a71be573951e.png,small_photos,1,2022_05_31-22_15_48
2190,c8a3ddb2-971a-a6e1-834b-056d3c7107ad.png,small_photos,0,2022_05_31-22_12_30
2212,e3f58372-2d5a-6d5c-50a7-c28aa8b75875.png,small_photos,0,2022_05_31-22_07_11
2236,7a475608-0e58-1a16-ed9c-ed3668bacaf1.png,small_photos,1,2022_05_31-20_27_47
2270,faf42efb-b869-7edf-3e78-a750aa70a11c.png,small_photos,1,2022_05_31-22_16_38
2274,9a51a056-837c-8e07-4632-23f8bd7aefa3.png,small_photos,0,2022_05_31-20_40_50
2311,90dd10c8-481c-f2b8-da97-c0960c47fdf4.png,small_photos,1,2022_05_31-22_35_53
2341,db91e6b3-84f7-7754-084b-16b00890d3ff.png,small_photos,0,2022_05_31-22_25_59
2344,db91e6b3-84f7-7754-084b-16b00890d3ff.png,small_photos,0,2022_05_31-20_33_40
2372,f4c48492-f2e0-67e9-26f3-9e3fee981c9c.png,small_photos,0,2022_05_31-22_28_21
2379,d52f3c54-1540-bb66-3d39-3a7efecaf75f.png,small_photos,1,2022_05_31-22_05_32
2384,21d756dc-369c-a356-533f-db145242def5.png,small_photos,0,2022_05_31-20_18_40
2415,3b1ba17d-6132-a13b-69ac-6350ed309b10.png,small_photos,1,2022_05_31-20_07_22
2474,55bbe7f5-5889-0f85-1776-93269cb4649b.png,small_photos,1,2022_05_31-20_06_51
2475,6a2c2c65-ed7f-da10-ddbd-9b312976d2e4.png,small_photos,1,2022_05_31-20_26_16
2479,775641ad-08a5-2f70-ff8a-f3270da5c394.png,small_photos,1,2022_05_31-22_01_34
2493,6c3fe048-0e19-d088-e9ff-4c985e85e2a1.png,small_photos,1,2022_05_31-22_21_48
2512,03cc0324-9aa5-5612-744c-1fc375368665.png,small_photos,1,2022_05_31-22_21_56
2591,1e46bca3-4ffa-fbc9-7041-a902a639cbc6.png,small_photos,1,2022_05_31-22_18_09
2627,71d3c549-3f07-a8c8-5f8b-53be1de16e9f.png,small_photos,0,2022_05_31-20_29_51
2637,9e47b3bb-bbbd-c822-8259-c54726e62c1d.png,small_photos,1,2022_05_31-22_03_01
2683,b29de815-c677-7890-3dee-f6277a49fad1.png,small_photos,0,2022_05_31-20_44_13
2703,840b5764-38bc-4635-8ca2-9698ea96128d.png,small_photos,0,2022_05_31-19_57_08
2727,d5beedce-1f55-2a67-87ef-7dd6cb20ad18.png,small_photos,1,2022_05_31-20_03_29
2751,777c7045-8d1a-5700-265f-9225949ecc93.png,small_photos,0,2022_05_31-20_14_33
2789,ee7022e1-7d65-acbb-1d4f-16e11ff26ac6.png,small_photos,0,2022_05_31-20_35_47
2795,7523b89b-7f52-281e-562d-bf279bc4aeec.png,small_photos,1,2022_05_31-22_26_19
2815,b2c756d2-4495-7ba5-efc4-22fc059be1a6.png,small_photos,1,2022_05_31-20_11_43
2823,469e503e-5085-b425-f18f-5b6605f13370.png,small_photos,0,2022_05_31-22_07_43
2843,d07a270f-914d-b801-026e-8f705c0b10ec.png,small_photos,1,2022_05_31-20_36_42
2901,a6a864d4-1446-32c7-641b-5d385932aa0a.png,small_photos,0,2022_05_31-19_57_25
2923,457d3ac3-cba6-3cd4-c4b4-86ab35b1524a.png,small_photos,0,2022_05_31-20_09_09
3040,0ed5dc03-0336-9185-5c8d-7d6046808ecc.png,small_photos,0,2022_05_31-20_39_42
3042,0ed5dc03-0336-9185-5c8d-7d6046808ecc.png,small_photos,0,2022_05_31-20_06_31
3050,5cfc2440-7334-5c63-a38a-21695fae41c8.png,small_photos,1,2022_05_31-22_14_53
3060,81d995c3-f292-5f96-1eb8-e3e865d3c7ee.png,small_photos,1,2022_05_31-22_10_22
3061,e64105dc-1a78-a426-92ac-0df1c2c7965e.png,small_photos,0,2022_05_31-20_40_26
3075,dfac689a-9d36-ecb1-9851-9c9644958a93.png,small_photos,0,2022_05_31-20_15_14
3087,5b2b4047-3abc-4ec9-db81-467a91515f39.png,small_photos,1,2022_05_31-20_16_48
3106,9de3533b-43f4-4a64-d50a-be41dc6cc2f2.png,small_photos,0,2022_05_31-22_26_03
3151,7c7efe2e-2887-1dcb-83c8-3f67b868b997.png,small_photos,0,2022_05_31-20_00_16
3153,58a8f4a0-500c-818e-5b58-c8f80488b982.png,small_photos,0,2022_05_31-20_08_53
3183,2b208196-bac4-9011-dc31-a02bcd5da095.png,small_photos,0,2022_05_31-22_03_05
3195,4616d1d9-56c7-983d-8569-38cfec7a4ab0.png,small_photos,0,2022_05_31-20_40_37
3252,83e49ca4-2d61-82be-b8b8-aa38f277e4c2.png,small_photos,1,2022_05_31-22_25_11
3253,83e49ca4-2d61-82be-b8b8-aa38f277e4c2.png,small_photos,1,2022_05_31-20_25_01
3275,a2916287-2fa5-8802-b99d-781fcc9ff336.png,small_photos,0,2022_05_31-21_58_57
3289,a43c059a-d7c6-e191-b796-df08239cafca.png,small_photos,1,2022_05_31-22_20_40
3343,7b41eb6e-f4c7-7494-5fbd-09e043eca66a.png,small_photos,1,2022_05_31-20_25_47
3346,e4b2ec72-3e75-d117-5aa8-895089ed532e.png,small_photos,1,2022_05_31-20_15_40
3466,415eac2c-7cf5-cc70-9380-e973ab29dca4.png,small_photos,0,2022_05_31-20_28_13
3469,5e384bdc-3cd3-4ce0-a026-e9619ec0724b.png,small_photos,1,2022_05_31-22_08_26
3495,0b489b7e-e89e-2494-e4d8-90b5cb2347ca.png,small_photos,0,2022_05_31-22_36_00
3500,af3bfcc4-f5e3-88df-285a-c8a07a2ad76d.png,small_photos,1,2022_05_31-20_38_52
3503,202a9170-ccd4-a629-e5ba-f4d6b224eead.png,small_photos,0,2022_05_31-22_28_01
3514,1a38cfe8-b596-acce-44b5-0c30754128e9.png,small_photos,1,2022_05_31-20_42_07
3545,400d72ab-ac74-1ce9-0c0c-6bec31887ceb.png,small_photos,1,2022_05_31-20_01_59
3583,15d30034-d45b-82d6-d63d-60c92dbbbc8c.png,small_photos,0,2022_05_31-20_32_48
3599,f6d9a719-2802-b642-7a31-7f2712095c1d.png,small_photos,1,2022_05_31-20_01_18
3617,c03eabf4-3f6f-3ca7-06dc-e95565f42d7b.png,small_photos,1,2022_05_31-22_18_34
3648,f9198592-665c-4245-72a2-79668c557ba7.png,small_photos,0,2022_05_31-21_52_14
3649,f9198592-665c-4245-72a2-79668c557ba7.png,small_photos,0,2022_05_31-22_05_27
3652,34212fa8-135e-f514-657f-76e83939694c.png,small_photos,0,2022_05_31-21_54_56
3699,22e75e6d-bca6-99fe-49ce-33851155ed31.png,small_photos,0,2022_05_31-20_15_45
3707,03f95321-fc80-92ac-e7a6-f8b47e9bd8ef.png,small_photos,0,2022_05_31-20_23_44
3827,272e253f-879d-818d-2864-5df79a586911.png,small_photos,0,2022_05_31-20_43_52
3861,40078cbe-024a-ea97-050a-1cfdf47461be.png,small_photos,0,2022_05_31-20_25_16
3876,74ac76f0-d065-9a2e-0d96-8b3b04b12562.png,small_photos,0,2022_05_31-22_20_04
3880,a9b42280-3fbf-2a72-90a7-8ed6adde91ae.png,small_photos,1,2022_05_31-20_14_25
3913,cfb1867d-81cf-c9d1-4d73-834c33197e5a.png,small_photos,1,2022_05_31-20_30_44
3920,67f65fba-4ff7-1144-fb6a-ba26427fe802.png,small_photos,0,2022_05_31-20_36_14
3930,9f76e4ba-2120-7eba-b44d-502ce3e6bbe6.png,small_photos,0,2022_05_31-20_30_09
3934,d1660cc1-75a7-cd26-15ad-44162ed3d702.png,small_photos,1,2022_05_31-22_30_41
3955,b455b4e5-8c54-27cd-3f9f-7e2436b9ac28.png,small_photos,0,2022_05_31-22_14_37
3963,65efacd0-2f51-9ec9-2c00-b9e53cde07be.png,small_photos,0,2022_05_31-20_01_11
3986,2487e1b6-3280-1d00-0e16-e86bd08863dc.png,small_photos,1,2022_05_31-20_34_56
3990,52fb8664-3cd2-4008-8f67-7b0d1e849a24.png,small_photos,0,2022_05_31-20_21_59
4068,3c6b0cf6-1a8b-8626-6bb5-4e661ac2c60d.png,small_photos,0,2022_05_31-20_36_18
4093,8bf65337-0213-582b-3b00-0deb1970ea6c.png,small_photos,1,2022_05_31-20_43_57
4097,5d0ca1e1-54de-8bc9-415b-342e47b799cb.png,small_photos,0,2022_05_31-20_25_26
4182,26bb11a5-189b-8476-70ad-89984dbadc91.png,small_photos,0,2022_05_31-21_53_27
4187,e215e98a-653f-6162-3c61-5fda0331f20a.png,small_photos,0,2022_05_31-19_56_24
4190,451dc8db-d202-bbe9-4ad0-bf138f09d34a.png,small_photos,0,2022_05_31-22_27_38
4196,bb5f19e4-e714-5c3d-9ab2-53768aa76113.png,small_photos,1,2022_05_31-20_34_47
4209,604576ab-7ec2-82e5-3f92-9a6685ad5df9.png,small_photos,1,2022_05_31-22_17_48
4217,688b3b77-1041-9d1b-34e2-5d5621f1b7b4.png,small_photos,0,2022_05_31-20_09_51
4237,db805243-8a2d-e04a-bf9a-d0e579d3330b.png,small_photos,0,2022_05_31-22_25_34
4260,d3a1cd5e-aac0-c928-57d8-49d0ba71c402.png,small_photos,0,2022_05_31-22_37_48
4294,b43d4968-9a2b-ef18-5cd9-3c43fc14cec5.png,small_photos,0,2022_05_31-20_18_36
4313,88820c98-60f7-dc38-9f98-adf9b9fc8741.png,small_photos,0,2022_05_31-22_28_07
4338,b45f7093-6705-18c3-cc38-ee2e44eb518d.png,small_photos,0,2022_05_31-22_19_32
4341,40c55e73-d36f-90bf-5b4b-b966df2f1955.png,small_photos,0,2022_05_31-22_16_15
4348,1e9c6c48-2cfe-5a05-121d-2cdae3427c47.png,small_photos,0,2022_05_31-22_19_50
4353,f1839e38-3e57-4e17-64f4-91ed848bd230.png,small_photos,0,2022_05_31-20_33_19
4354,e34784ee-fbfa-7c52-a233-6e23c5bd2d79.png,small_photos,1,2022_05_31-20_27_09
4471,582cdd24-814e-4f53-8c99-2db4ffcd0c65.png,small_photos,0,2022_05_31-22_17_02
4503,c18c90b2-6ddf-5240-a115-a73015885f84.png,small_photos,0,2022_05_31-20_22_43
4508,c18c90b2-6ddf-5240-a115-a73015885f84.png,small_photos,0,2022_05_31-20_36_37
4535,882e9457-6b98-45e2-f71e-0643a6c5abae.png,small_photos,0,2022_05_31-20_13_04
4551,93976aa5-cdde-0f26-f107-32b059010f20.png,small_photos,1,2022_05_31-22_19_59
4582,290e05d9-affb-d5e0-e575-7915d3c8b14a.png,small_photos,1,2022_05_31-20_23_33
4599,d9362591-d27c-94df-e559-5745730fddba.png,small_photos,1,2022_05_31-20_07_27
4610,db7708fa-a845-35a2-7b21-9958a02f165e.png,small_photos,1,2022_05_31-20_35_04
4615,db7708fa-a845-35a2-7b21-9958a02f165e.png,small_photos,0,2022_05_31-20_43_18
4616,db7708fa-a845-35a2-7b21-9958a02f165e.png,small_photos,0,2022_05_31-22_06_32
4619,db7708fa-a845-35a2-7b21-9958a02f165e.png,small_photos,0,2022_05_31-20_29_26
4620,9791049d-b9e4-997e-6ec1-c8e34e651c39.png,small_photos,1,2022_05_31-22_13_49
4651,93315002-59d4-12f4-49a4-6b80f1dee89b.png,small_photos,0,2022_05_31-22_30_55
4656,93315002-59d4-12f4-49a4-6b80f1dee89b.png,small_photos,0,2022_05_31-22_31_04
4739,fa4cf728-f050-8d8f-f3cc-5c3dad0be689.png,small_photos,0,2022_05_31-22_09_03
4801,cbb45659-123e-0e2d-e194-7a624128ce8a.png,small_photos,0,2022_05_31-20_22_32
4805,ec8f851d-bb11-aa4b-bcd4-cfddb6ab6143.png,small_photos,1,2022_05_31-20_29_32
4822,ac226006-8033-1bed-2513-a445f48f6db8.png,small_photos,0,2022_05_31-21_54_32
4867,4edd5e26-f968-8a10-6d19-d2468dfc8eb4.png,small_photos,0,2022_05_31-20_38_17
4871,b9e87ec8-0e82-a3be-a093-886ce0e7fe77.png,small_photos,0,2022_05_31-20_38_20
4929,c4adfda8-448d-fa33-0e37-d5dea8df169c.png,small_photos,1,2022_05_31-22_22_18
4954,4838b754-6714-0d3f-03f5-bdb47c2be25a.png,small_photos,1,2022_05_31-20_15_55
4956,34273701-7676-fe19-4cc9-632edbb84388.png,small_photos,0,2022_05_31-20_28_55
4968,5138a9fd-015a-706b-d990-be0718e10428.png,small_photos,1,2022_05_31-20_20_34
4976,12be76f1-f117-91ce-11e6-ee165e6b0b2c.png,small_photos,0,2022_05_31-20_26_32
4990,6b9f84d9-ae13-bbef-a527-971d55bb8b3a.png,small_photos,0,2022_05_31-20_00_20
5032,7778a0a9-d4d6-4b1d-40cb-b36d2b9f980f.png,small_photos,0,2022_05_31-20_16_13
5048,7778a0a9-d4d6-4b1d-40cb-b36d2b9f980f.png,small_photos,0,2022_05_31-20_25_09
5058,7778a0a9-d4d6-4b1d-40cb-b36d2b9f980f.png,small_photos,0,2022_05_31-20_13_00
5074,1fdd7c41-f56e-c211-5b46-564837dcd3c5.png,small_photos,1,2022_05_31-20_33_48
5092,6dc8b13f-3dde-00dd-7c76-e1a976b43e2f.png,small_photos,0,2022_05_31-20_20_39
5141,6cbed737-c14e-245f-c6bd-a2691de29ba4.png,small_photos,1,2022_05_31-20_07_49
5167,591dd29d-44f3-7447-3e19-29043c5a878d.png,small_photos,1,2022_05_31-21_57_29
5193,bcf46917-c1ca-b20b-0e6d-76f8ba5fc9aa.png,small_photos,0,2022_05_31-22_26_48
5198,10e70fdf-693b-d511-e5e7-962ba3b73c54.png,small_photos,1,2022_05_31-22_02_34
5209,d08e00ec-4a8a-6f32-0cc5-95ea765accce.png,small_photos,1,2022_05_31-20_37_04
5211,44b24de8-c6ed-2e70-9f77-4c5d2de7643f.png,small_photos,0,2022_05_31-20_19_05
5257,cafd5750-1ab3-4be6-18b0-43b22c2bd999.png,small_photos,0,2022_05_31-22_10_59
5292,e8bf138b-b6a5-a3d7-80ce-2302eb92b595.png,small_photos,0,2022_05_31-22_27_18
5311,77ebe5f9-3486-d652-374b-6df29ad040a0.png,small_photos,0,2022_05_31-20_35_55
5343,6971ebb8-49cd-2e19-31b3-88ba6ee61207.png,small_photos,0,2022_05_31-20_42_40
5345,bc36fb28-e777-55fc-fd97-d2e0cce37c66.png,small_photos,1,2022_05_31-20_43_25
5366,fb3f8daa-c388-ac3f-0c9b-bdc3c1a6fae6.png,small_photos,1,2022_05_31-20_10_19
5381,39aa50a5-0c58-ed8e-fa14-272ebb0e3fb9.png,small_photos,1,2022_05_31-22_09_26
5418,825144a0-1d8c-d3f2-165d-f956ab4e2aef.png,small_photos,1,2022_05_31-20_11_39
5439,36f0e70f-b7bd-55cd-5c00-e6f38e8991e2.png,small_photos,1,2022_05_31-20_37_24
5511,a4e94eff-aae3-311d-64a5-e7e193fae82f.png,small_photos,0,2022_05_31-20_43_45
5519,fd433ff0-bb87-4015-4d8d-cfdd45de2485.png,small_photos,0,2022_05_31-22_17_20
5541,3f7aed6a-de73-263e-3525-5240d9082c64.png,small_photos,0,2022_05_31-22_10_32
5556,bdc3de7c-c8da-9f7a-4dfd-c4bc12737d28.png,small_photos,0,2022_05_31-21_54_18
5622,31d402ec-d287-75c9-0b80-0499b1d4bf47.png,small_photos,0,2022_05_31-19_56_51
5667,305caa71-f449-d6c0-9d75-f2c86d56a19f.png,small_photos,0,2022_05_31-20_27_36
5690,df8e39cc-432b-7c82-7f09-aa185e4804dd.png,small_photos,1,2022_05_31-22_11_05
5754,18cbf658-4ecd-7961-d380-ebe489b1268f.png,small_photos,1,2022_05_31-20_26_40
5765,038272b4-693e-71c1-5ea6-01f5790a3176.png,small_photos,0,2022_05_31-22_10_17
5768,37acc99b-916a-e30d-92f2-558bc4045085.png,small_photos,1,2022_05_31-21_57_36
5813,e6d50c33-541f-3d0e-4b34-1c84177d5e80.png,small_photos,0,2022_05_31-20_26_35
5815,ce50659a-919c-5c0f-2cc3-f3504e3b7dd5.png,small_photos,0,2022_05_31-20_26_23
5838,3f143b8c-c944-7c35-cc95-095817f99cae.png,small_photos,0,2022_05_31-20_35_37
5885,79daa357-11ce-56e2-5f8b-0aba4de51b3d.png,small_photos,1,2022_05_31-21_57_24
5898,e805affa-24aa-f545-b82a-2adef9dbba4a.png,small_photos,0,2022_05_31-20_15_31
5912,fb8ede5f-2ae3-8c44-e2cb-d71bbba89b0b.png,small_photos,0,2022_05_31-22_18_03
5929,6e6aa9b4-2a08-5db8-b0ab-4a13c82f8cb8.png,small_photos,0,2022_05_31-20_35_33
5936,189a38c5-96c8-2928-29ca-10511950b3f4.png,small_photos,0,2022_05_31-22_26_32
6018,459d073b-7cae-0554-30c3-67c16d1fd75e.png,small_photos,1,2022_05_31-20_35_20
6068,a9f6014d-f3c7-54b8-3b2d-beeb7cd3112c.png,small_photos,1,2022_05_31-22_23_02
6071,55b1f5b4-956d-da72-4225-d6d5398310ac.png,small_photos,0,2022_05_31-20_40_16
6092,cb9fd867-e874-3b33-96ce-fcec1b3cfc10.png,small_photos,0,2022_05_31-20_37_39
6125,586e5a56-4537-c4bf-72d0-c9026e646a6a.png,small_photos,0,2022_05_31-20_39_38
6136,6bb0f786-93ba-486a-3564-0806d511603c.png,small_photos,1,2022_05_31-22_30_59
6137,6bb0f786-93ba-486a-3564-0806d511603c.png,small_photos,0,2022_05_31-20_35_51
6183,9da738a4-f1a0-6c48-f62d-908b64c98210.png,small_photos,0,2022_05_31-22_02_56
6213,f1fad2c2-8464-a7cb-85b4-d1e09ddf6341.png,small_photos,1,2022_05_31-20_22_05
6221,5cc5d946-a96c-bb3d-a426-7bfaea00b4da.png,small_photos,0,2022_05_31-22_30_29
6237,dcdf9164-0d14-d564-5e62-efd5e6ce774b.png,small_photos,0,2022_05_31-20_18_56
6331,09e4b806-b4cb-17a2-6d26-519db44ae08c.png,small_photos,0,2022_05_31-20_19_20
6332,d77f0436-bff9-557e-2d1c-9e5b402e5b82.png,small_photos,0,2022_05_31-20_24_17
6344,bca67043-1137-4ba5-5a4c-00eb19048846.png,small_photos,0,2022_05_31-20_25_40
6351,332b0c43-dfd9-aabd-e2a3-5479dc2e1eee.png,small_photos,1,2022_05_31-20_27_50
6365,4a9e0e7a-0ad3-37d0-1a20-60274f8ceafa.png,small_photos,0,2022_05_31-22_27_13
6425,81e8f1e7-326d-579c-2e1c-5f180e7e8e30.png,small_photos,0,2022_05_31-22_23_06
6427,f32fc355-3c08-7e71-d8f0-0b792f8a47bc.png,small_photos,1,2022_05_31-20_16_00
6437,705a276e-8f00-9f7f-dc91-835a28c4be17.png,small_photos,1,2022_05_31-22_00_17
6443,70f79a58-c29f-be30-ca64-3774ade2f849.png,small_photos,0,2022_05_31-20_39_03
6468,c1d88bc0-7c03-d36f-c42a-fcfda55cb7c7.png,small_photos,0,2022_05_31-21_53_15
6491,b481efe7-14a0-f8d9-20fd-4abb8f1fb7db.png,small_photos,1,2022_05_31-20_43_34
6492,b481efe7-14a0-f8d9-20fd-4abb8f1fb7db.png,small_photos,0,2022_05_31-22_12_50
6498,b481efe7-14a0-f8d9-20fd-4abb8f1fb7db.png,small_photos,0,2022_05_31-22_37_53
6561,c38aefcf-9dda-c52c-fe90-451ddd850512.png,small_photos,0,2022_05_31-22_35_18
6575,7bcbc710-a93c-754e-6ab0-761046a9b75b.png,small_photos,0,2022_05_31-20_23_02
6590,f1bbe6c4-cb9a-0386-1c8f-4033f51c004b.png,small_photos,1,2022_05_31-20_10_38
6615,7c62dc46-55cd-13f1-0173-fb7f6fa3eed4.png,small_photos,0,2022_05_31-22_37_23
6653,92b1267e-7c66-4096-c3a6-1e038a8528ee.png,small_photos,0,2022_05_31-21_59_47
6824,3d2aa0c1-762f-0551-2854-e0a5abe095db.png,small_photos,1,2022_05_31-20_21_40
6846,9608b802-9b85-34f1-59cc-eb3290a1ae2e.png,small_photos,0,2022_05_31-19_59_27
6861,87764eef-0418-2737-3454-0b97961241e9.png,small_photos,1,2022_05_31-20_41_59
6876,535a4fda-6574-7279-e5f1-5ddc41e6b8fc.png,small_photos,0,2022_05_31-22_12_34
6902,abb17234-b56a-8d1f-3d89-f71b96fdfb0c.png,small_photos,0,2022_05_31-20_24_08
6905,ddb7e4b7-62dc-726b-670e-7530596782f3.png,small_photos,1,2022_05_31-20_09_40
6907,ddb7e4b7-62dc-726b-670e-7530596782f3.png,small_photos,0,2022_05_31-22_19_02
6915,54d4e870-9e7c-7b06-a674-37026deafefe.png,small_photos,0,2022_05_31-20_17_36
6945,0e4beb75-84db-fc83-d7c4-5fd5505a60eb.png,small_photos,0,2022_05_31-22_24_32
6947,82e700a2-8375-fe40-8205-c638776e5e44.png,small_photos,0,2022_05_31-20_31_54
7024,b1a111a3-de37-0f78-79b2-e266b96eb17f.png,small_photos,0,2022_05_31-22_08_52
7028,4727cd63-a963-471d-efe2-8070e31e432c.png,small_photos,0,2022_05_31-22_22_24
7036,b9b9e8ee-0df6-2f08-cf83-b4f2aca3cc8e.png,small_photos,0,2022_05_31-22_14_33
7073,62bc6469-eb15-c0ac-606b-ddee2a3fd85d.png,small_photos,0,2022_05_31-20_17_43
7102,2261ea18-c552-2c22-022f-738cce32f069.png,small_photos,0,2022_05_31-20_24_21
7118,14a3f9e5-e54d-9422-f3f1-060fb0335d13.png,small_photos,0,2022_05_31-20_20_12
7153,fa9ecf78-fa8b-c72d-8664-c7772582e7c8.png,small_photos,0,2022_05_31-22_29_48
7186,496f2784-52b4-b3b9-593d-4179ac7fd057.png,small_photos,0,2022_05_31-20_17_17
7187,559eda01-452c-8c3b-b6cb-9e54cee4b617.png,small_photos,0,2022_05_31-20_06_13
7196,9aad6113-349d-4046-a570-4b4b63563d27.png,small_photos,0,2022_05_31-22_07_23
7212,5f970ddb-99c0-4969-2268-a80501b24d9e.png,small_photos,0,2022_05_31-20_36_49
7232,d15e0222-1707-cd42-c249-840c65460436.png,small_photos,1,2022_05_31-20_06_46
7239,4d311d4f-6a2e-d429-8239-a90a188eda15.png,small_photos,0,2022_05_31-20_21_09
7269,461f375c-fc12-3c0d-c24d-b4a762b94bfe.png,small_photos,1,2022_05_31-22_30_45
7278,5f3106c2-2c77-c0ef-2840-fbeeaabc7922.png,small_photos,0,2022_05_31-20_44_07
7361,a055d7b7-9f7b-c856-b03b-2c45b9be95fc.png,small_photos,0,2022_05_31-22_29_55
7463,77535de9-e84f-b336-f32e-26eb7812d3d5.png,small_photos,1,2022_05_31-19_58_22
7464,77535de9-e84f-b336-f32e-26eb7812d3d5.png,small_photos,0,2022_05_31-20_38_04
7477,7b71e608-ad14-5742-0c6f-4f8e8ef56fc5.png,small_photos,0,2022_05_31-20_44_01
7495,fba198be-bf4b-afc9-3d80-13a637e70803.png,small_photos,1,2022_05_31-22_29_31
7505,de75e0be-3012-59f4-ff98-bd4c678b2ad1.png,small_photos,0,2022_05_31-22_17_42
7524,db16e20f-903f-ff6f-d528-119844bc4984.png,small_photos,0,2022_05_31-22_31_25
7542,9036ab06-618c-2898-3cf7-af353a06abd7.png,small_photos,0,2022_05_31-22_31_53
7543,77535de9-e84f-b336-f32e-26eb7812d3d5.png,small_photos,1,2022_05_31-21_56_40
7605,7bf7fd17-48f9-9d07-145d-8a1bdcb63298.png,small_photos,0,2022_05_31-21_57_47
7626,ac8d53e3-3053-6ebf-9f7a-00f941f6041b.png,small_photos,0,2022_05_31-20_14_09
7664,f54d193b-02d1-58d5-8929-b9742ee4eaf9.png,small_photos,1,2022_05_31-20_05_51
7696,ba940c0d-2569-1e31-91de-7153becd8e59.png,small_photos,0,2022_05_31-21_53_40
7728,1abe563b-3d09-122e-6bf6-de4471177b6a.png,small_photos,0,2022_05_31-20_29_11
7729,2ea22cfd-284c-e134-7b5a-b4ddc9fbdd76.png,small_photos,0,2022_05_31-22_25_21
7795,d8546a79-0d2b-4b58-d909-50f80eb28a66.png,small_photos,0,2022_05_31-22_22_52
7813,48f02b2b-39cb-e733-841e-73f833175230.png,small_photos,1,2022_05_31-22_32_18
7847,e50fdeed-a902-fadc-d129-c919cf5fd5ce.png,small_photos,1,2022_05_31-20_15_49
7872,ad8d195f-eedb-1f25-a8d2-6d7f1821cc1c.png,small_photos,1,2022_05_31-19_57_14
7881,d661557f-fbaa-0507-b3c5-2bb595f36456.png,small_photos,1,2022_05_31-20_11_28
7882,d661557f-fbaa-0507-b3c5-2bb595f36456.png,small_photos,1,2022_05_31-22_13_08
7891,d6f898f8-67a2-e25b-2829-4e1da8da313b.png,small_photos,0,2022_05_31-22_38_02
7929,be117c0d-dfef-8a75-7699-3d6fb2f23e36.png,small_photos,0,2022_05_31-20_24_32
7939,7ce2eaf8-6853-2e72-e584-d5ddf5373166.png,small_photos,1,2022_05_31-20_36_02
7955,72d00543-67c8-bee5-f9f8-8d664905f585.png,small_photos,0,2022_05_31-20_19_17
7959,ddb7e4b7-62dc-726b-670e-7530596782f3.png,small_photos,1,2022_05_31-20_43_08
7978,60b9d999-a222-eaf0-3811-7c279f9a8947.png,small_photos,1,2022_05_31-22_19_19
7998,c153ef8d-fa9d-c937-a31e-84b9ccb8f63f.png,small_photos,1,2022_05_31-21_57_09
8017,375a352c-d9e5-ef69-4aba-c970527533bb.png,small_photos,1,2022_05_31-20_34_11
8082,9ab9515d-cffa-67dd-b73f-b778d77414d6.png,small_photos,0,2022_05_31-20_29_41
8091,a0520607-cf88-f5c0-f55a-e307cf017491.png,small_photos,0,2022_05_31-22_10_13
8092,0689b2f2-2a6d-669d-1cd5-f87e6a8426b2.png,small_photos,1,2022_05_31-22_18_48
8128,6aceb21e-4f7c-c6f3-d2a8-8842896f2411.png,small_photos,0,2022_05_31-22_13_03
8158,2a56807d-6662-63e2-ffb5-d090a47e0bb2.png,small_photos,1,2022_05_31-20_17_31
8175,6ce046eb-ff8f-c1af-51e1-da5ae0221991.png,small_photos,1,2022_05_31-20_28_27
8193,61b6e812-8774-ee18-a052-3edf3ebdd9ab.png,small_photos,0,2022_05_31-22_15_19
8211,5c10520e-6501-5ec0-727e-19172dda874b.png,small_photos,1,2022_05_31-20_12_38
8212,0ca5c3bd-03ee-df60-7f7f-1cb7a23d8be6.png,small_photos,0,2022_05_31-22_23_13
8248,2fe6eb62-de11-d60a-ab05-41fa723fc94a.png,small_photos,0,2022_05_31-20_30_12
8250,18257a21-5862-1b04-e80f-002e90bbf62d.png,small_photos,1,2022_05_31-22_05_53
8251,8e325567-435b-0050-60a2-448543d48480.png,small_photos,1,2022_05_31-22_07_18
8255,4ac08488-010d-c1a8-ae72-90c5be99f2b8.png,small_photos,0,2022_05_31-20_02_58
8279,770f244b-b08d-8641-eb7d-ad3ef6463050.png,small_photos,0,2022_05_31-20_31_40
8307,44aadbc0-3b52-da69-92f2-cf928846dde6.png,small_photos,0,2022_05_31-20_19_35
8370,2fe6eb62-de11-d60a-ab05-41fa723fc94a.png,small_photos,0,2022_05_31-20_39_55
8376,ae2b0a46-3165-da58-c550-79d7a5b426a8.png,small_photos,1,2022_05_31-22_37_05
8377,9a04b012-fe24-2ea3-40a4-df000a460455.png,small_photos,1,2022_05_31-19_57_19
8380,f78f03b1-7781-5538-089d-6ae5a89116b5.png,small_photos,0,2022_05_31-20_41_11
8399,2fe6eb62-de11-d60a-ab05-41fa723fc94a.png,small_photos,0,2022_05_31-20_34_40
8409,016c5037-1ac6-8983-5229-416fc91766ab.png,small_photos,0,2022_05_31-20_00_13
8412,14ccf3c4-809b-3972-1c7c-f83c3aa2619d.png,small_photos,1,2022_05_31-21_55_45
8441,2d47d001-9531-0275-c57e-d91f1f4b17e9.png,small_photos,1,2022_05_31-22_21_06
8459,c166cbd6-f8c2-2d03-0b19-e4df614103c0.png,small_photos,0,2022_05_31-22_02_49
8472,c57a6f20-affa-e645-9f3c-da2115904bfc.png,small_photos,0,2022_05_31-19_59_40
8487,92f3b2a4-3897-f73b-f236-d728d4b102f1.png,small_photos,0,2022_05_31-22_13_19
8506,71c103ec-a53b-01e4-b560-159c9dd5a82b.png,small_photos,0,2022_05_31-20_16_56
8508,3e191ed6-561b-be9d-c873-fca89d9a7cd8.png,small_photos,0,2022_05_31-19_59_17
8514,5d3e79e5-41c9-8a01-7ec7-5b0aa58790a7.png,small_photos,0,2022_05_31-21_57_00
8533,cd954d39-6055-e6e8-8d76-956e92075ffa.png,small_photos,0,2022_05_31-21_55_01
8565,61895ab5-4421-eed5-74be-c508c5299dc6.png,small_photos,1,2022_05_31-22_17_13
8569,769a2956-2ec8-0ae4-8e0f-6b0bf1d54f23.png,small_photos,0,2022_05_31-21_54_02
8572,f37813ad-9612-5630-0502-664a960bc3ee.png,small_photos,1,2022_05_31-20_37_21
8626,93ab3d46-50b7-e111-2785-a8801e0b3a99.png,small_photos,0,2022_05_31-22_06_05
8627,93ab3d46-50b7-e111-2785-a8801e0b3a99.png,small_photos,1,2022_05_31-20_19_13
8631,49565bf2-c9cd-72bb-943f-5ef01039a448.png,small_photos,0,2022_05_31-22_17_59
8656,85a639dc-74fd-9dde-2b1c-df5986113439.png,small_photos,0,2022_05_31-20_19_56
8672,6080897a-633c-73dd-a571-c143233592fb.png,small_photos,0,2022_05_31-22_06_01
8685,ae0eda42-d3ca-ed73-c59b-8da0fe072231.png,small_photos,0,2022_05_31-20_42_16
8722,e87b7ca6-3fce-38f4-faaa-182ca6e8a38d.png,small_photos,0,2022_05_31-22_03_20
8742,65bf23dd-4174-c803-4484-1e2997e65fbb.png,small_photos,1,2022_05_31-20_10_42
8784,c58bb449-3428-3b16-b654-07c8b46cb9a4.png,small_photos,0,2022_05_31-20_36_10
8787,7e568e07-8315-1cab-1e07-38855701213d.png,small_photos,1,2022_05_31-20_42_22
8843,acf60bf7-637f-319e-ef26-9d6bf462d71a.png,small_photos,0,2022_05_31-20_33_58
8885,eaef0961-e7de-a281-5452-93a8fbe30c37.png,small_photos,0,2022_05_31-20_37_29
8896,3af05690-74f6-05f4-b6d1-3ee7ac671021.png,small_photos,0,2022_05_31-20_17_55
8964,1e6398b4-5393-1c36-2ce9-97f700ddedaa.png,small_photos,1,2022_05_31-20_18_32
8980,0866c906-b2f3-2486-e243-482d694090e5.png,small_photos,0,2022_05_31-21_59_23
8981,0866c906-b2f3-2486-e243-482d694090e5.png,small_photos,0,2022_05_31-22_15_15
9028,41fd2df9-25f5-4418-6f8f-43d1d6fcee4a.png,small_photos,0,2022_05_31-20_42_12
9093,fdbc5521-b4b3-37ec-f728-73f092d146ab.png,small_photos,0,2022_05_31-20_09_33
9106,1539ccac-8d89-575c-e6c0-87914eaf3cb3.png,small_photos,0,2022_05_31-20_32_12
9112,9df3e0e0-2210-c063-3bd2-d894a7691f69.png,small_photos,0,2022_05_31-20_09_26
9158,8e759bc8-488e-16e9-972a-f41cbbaf303d.png,small_photos,0,2022_05_31-20_14_04
9160,e0371994-0bc6-e41c-1a0f-cf0730aee738.png,small_photos,0,2022_05_31-22_09_19
9171,aeafbab5-6d49-859a-fc49-ff5007fc889a.png,small_photos,0,2022_05_31-22_24_41
9180,cb92bd46-9da6-6ebd-c38a-a18c7f40c295.png,small_photos,0,2022_05_31-20_13_28
9212,88c40f6c-d1a1-e95f-ebc6-0d4149160ef6.png,small_photos,0,2022_05_31-20_13_33
9222,774104fc-91cd-0c23-9017-b49bdb0fcb43.png,small_photos,0,2022_05_31-20_07_41
9244,54ca3007-dd28-cb87-f37e-af1b94738df6.png,small_photos,0,2022_05_31-22_12_20
9253,54ca3007-dd28-cb87-f37e-af1b94738df6.png,small_photos,1,2022_05_31-20_20_06
9259,887e957a-8f48-de01-fe4b-9a84a4239dbe.png,small_photos,0,2022_05_31-20_01_26
9326,f3ec47aa-e79e-be5c-691c-908b717e7b43.png,small_photos,0,2022_05_31-22_28_25
9387,4028e19c-5340-e117-ca33-8fc48038ee7a.png,small_photos,0,2022_05_31-20_12_33
9399,5cfc2440-7334-5c63-a38a-21695fae41c8.png,small_photos,1,2022_05_31-22_16_53
9401,8a86537c-f34a-a2c7-d319-cbf4edbe5d02.png,small_photos,0,2022_05_31-22_38_07
9409,3b8aef4d-d399-6d28-b855-e4c6148e424e.png,small_photos,0,2022_05_31-20_29_00
9410,3b8aef4d-d399-6d28-b855-e4c6148e424e.png,small_photos,0,2022_05_31-22_20_58
9444,caefb02c-024c-b4ce-a8e0-43364aa114cb.png,small_photos,1,2022_05_31-20_40_55
9451,b41e012b-add2-3812-1438-f4d569219180.png,small_photos,0,2022_05_31-20_20_27
9536,6e979268-4a68-3105-4d35-b5ccadef4967.png,small_photos,1,2022_05_31-20_33_11
9539,6e979268-4a68-3105-4d35-b5ccadef4967.png,small_photos,1,2022_05_31-20_39_31
9553,8f2322fa-1c64-e997-8a66-13d95e477113.png,small_photos,0,2022_05_31-20_34_15
9580,38ea97b4-a822-04bd-4942-9d1c2751c208.png,small_photos,0,2022_05_31-20_07_15
9596,37706e3e-94f6-195b-1b85-c2b3bc3d3c9f.png,small_photos,0,2022_05_31-20_20_23
9643,9169fbf1-08ae-a37c-a505-297f694de0e4.png,small_photos,1,2022_05_31-20_05_06
9682,f020cd42-a42a-c798-e174-126ef7d7d9f6.png,small_photos,1,2022_05_31-22_21_29
9764,e83b53fd-c227-5bf1-ffb5-3a126abe3781.png,small_photos,1,2022_05_31-20_03_03
9766,fd0126c9-52bf-2913-0808-bf18ac90c216.png,small_photos,0,2022_05_31-20_19_52
9877,0e592fd6-f3c4-a4ff-7c28-44d1858df623.png,small_photos,0,2022_05_31-22_06_20
9878,424841ea-dc77-62b2-4ca5-51ce98ed12c5.png,small_photos,0,2022_05_31-20_14_58
9936,f86342cf-a9cc-71ee-8cb5-7d20a8bb1603.png,small_photos,0,2022_05_31-20_17_40
9986,91451f6f-63ca-8531-b59a-11948bd70d0d.png,small_photos,0,2022_05_31-22_18_17
10050,cac24ef5-3e6f-a36d-2fd0-a537129309f0.png,small_photos,0,2022_05_31-22_07_38
10051,cac24ef5-3e6f-a36d-2fd0-a537129309f0.png,small_photos,1,2022_05_31-20_41_47
10058,40966b10-2b15-ff72-ed8a-049e336f4a9d.png,small_photos,0,2022_05_31-22_29_17
10061,2456ceb4-a23d-8752-cfb8-98fe64ccbad6.png,small_photos,0,2022_05_31-19_59_47
10067,714b205f-e620-ea5b-c571-a0228a4f11ed.png,small_photos,0,2022_05_31-20_19_38
10123,47729c48-0f58-0bdb-d2b6-60bbaba18da2.png,small_photos,1,2022_05_31-20_36_06
10164,a4850257-6986-efd8-53ed-9d4c99950454.png,small_photos,0,2022_05_31-20_44_36
10168,45926335-dfc5-e12b-8897-9f10b3e979a5.png,small_photos,1,2022_05_31-22_08_38
10206,66cfc2a9-70a0-9d73-27bc-5b00a58ee968.png,small_photos,0,2022_05_31-19_56_56
10207,25ecedba-58cc-56e2-b92c-7a5259b1298c.png,small_photos,0,2022_05_31-21_53_22
10314,94cc343b-3713-0eae-7107-2d0a6788c208.png,small_photos,1,2022_05_31-22_29_36
10326,ffdd276c-084c-03aa-7b33-bf3b4d937698.png,small_photos,1,2022_05_31-20_38_08
10333,3896d52f-6630-1e21-4092-97abe9469a05.png,small_photos,0,2022_05_31-20_06_28
10366,b9bb0329-24e2-e1d5-3b05-686807a8b029.png,small_photos,0,2022_05_31-19_56_40
10369,a98e6b33-4473-49b3-9170-05446e28b716.png,small_photos,0,2022_05_31-20_07_10
10378,6225399a-f910-5ce2-25f3-93454ea9ccd0.png,small_photos,1,2022_05_31-22_02_40
10399,28f9d15c-54f1-36ef-9b35-1bcd66d19d83.png,small_photos,0,2022_05_31-22_27_04
10425,a0c50c5d-98fe-83c0-4315-d7cf5bdc1947.png,small_photos,0,2022_05_31-22_09_54
10431,de09ede0-4a53-bf9d-4e93-ca3bc0421fd3.png,small_photos,0,2022_05_31-20_33_25
10456,947c5045-9c9f-395f-f379-3ac9013c913d.png,small_photos,0,2022_05_31-20_06_38
10462,b1768dae-224a-0581-8363-c4c9c18a7331.png,small_photos,0,2022_05_31-20_39_19
10467,06dd07d4-ac95-7bac-5d4d-300d9a675282.png,small_photos,0,2022_05_31-20_15_28
10582,0412f981-b4ea-f9ce-009c-e844269c3cda.png,small_photos,0,2022_05_31-22_01_27
10594,288fea76-352f-4e98-e104-a4d943225c39.png,small_photos,0,2022_05_31-20_26_03
10631,e739e145-562a-a1bd-d5d7-fb9e0b2f205b.png,small_photos,1,2022_05_31-19_57_03
10635,b22853ac-bdf6-b446-0ecf-91945362cd4a.png,small_photos,0,2022_05_31-20_15_18
10663,1f13e72c-0859-73c3-5019-4d7aee901516.png,small_photos,0,2022_05_31-20_07_31
10675,af778cd2-8342-e443-0db9-31d6201fbae8.png,small_photos,0,2022_05_31-22_31_40
10679,1511ebc7-c553-5c03-ddb4-21b003f2e5c1.png,small_photos,0,2022_05_31-20_21_32
10757,28b4ffae-4ee3-6bf4-354c-96f8b728d383.png,small_photos,1,2022_05_31-20_23_19
10784,21e9d72a-8b22-470d-81b7-6a9d035574b3.png,small_photos,0,2022_05_31-20_10_51
10817,bf26dd53-fd61-cfdf-ebba-a11bf7c2111c.png,small_photos,0,2022_05_31-21_53_58
10895,52febf3a-9de8-4548-1db9-2b599fa5a0d9.png,small_photos,1,2022_05_31-21_57_51
10942,d23fef07-13be-56a9-d0cc-794267a45fd5.png,small_photos,0,2022_05_31-22_15_23
10971,56e7650a-f883-2c58-88b5-fc2621de4fda.png,small_photos,0,2022_05_31-20_30_25
10987,62e6e528-7f04-b097-6382-ae457ce124ac.png,small_photos,1,2022_05_31-20_05_15
11005,0e035644-3a90-6e89-73c1-eb8d66abb0fe.png,small_photos,1,2022_05_31-20_34_36
11013,36614f28-4bf8-4ac1-60d1-2e270cb51f0f.png,small_photos,0,2022_05_31-22_38_13
11015,36614f28-4bf8-4ac1-60d1-2e270cb51f0f.png,small_photos,0,2022_05_31-20_22_58
11017,2fa29634-9857-0f2f-d6cc-2a07686f48ae.png,small_photos,0,2022_05_31-22_23_09
11024,ce20257c-a508-445f-9089-f60ced1e2746.png,small_photos,0,2022_05_31-20_32_05
11025,7acc82a9-ffe3-a810-2fc8-823ca6be2dd0.png,small_photos,0,2022_05_31-20_24_52
11026,7acc82a9-ffe3-a810-2fc8-823ca6be2dd0.png,small_photos,0,2022_05_31-19_59_22
11045,6f053135-c920-1b32-6422-ea92023e0797.png,small_photos,0,2022_05_31-20_20_47
11090,a4fdeccf-df2e-ce39-2554-e790a005cbed.png,small_photos,0,2022_05_31-20_02_03
11156,4d1be734-892d-52dc-dbe5-e4255e1bcad0.png,small_photos,0,2022_05_31-20_17_47
11176,5c6ef8ee-360c-1883-10e7-f521cb3ef347.png,small_photos,0,2022_05_31-22_15_39
11234,0f123c22-9d5d-bdcc-4c6a-be046b3c5a65.png,small_photos,1,2022_05_31-20_32_18
11246,13dc5a42-f0f9-276a-a9cf-52e73d271f22.png,small_photos,1,2022_05_31-19_59_13
11328,7274da7c-620f-dca7-79e0-cf1d0546b0d9.png,small_photos,0,2022_05_31-20_34_28
11406,ca73c88f-6e0e-6372-9c22-c7c7449bced6.png,small_photos,1,2022_05_31-20_24_00
11431,641e05bf-90cd-a877-ad2d-18e6059e8b0b.png,small_photos,0,2022_05_31-22_20_10
11458,6f0cb14d-b2ad-f0b5-1d4b-21a115de3d93.png,small_photos,0,2022_05_31-20_42_59
11466,d88fc00e-e269-d686-177c-cbda03e59df6.png,small_photos,1,2022_05_31-22_08_41
11467,3e3f276e-e798-0d79-dc31-5b92badf5d33.png,small_photos,1,2022_05_31-22_27_52
11498,273db9ba-7558-1920-d048-149e70d4a906.png,small_photos,0,2022_05_31-20_26_46
11522,8e7eed49-714f-50aa-5142-aaa5d828ac72.png,small_photos,0,2022_05_31-22_30_37
11532,8536817a-0efd-2ae8-cfa9-ec2c4a214c30.png,small_photos,1,2022_05_31-22_17_56
11562,a6712396-d614-c074-86a7-f1561751df92.png,small_photos,0,2022_05_31-22_38_29
11571,939c4dba-a060-79f6-f804-4d5dd2851be4.png,small_photos,1,2022_05_31-20_22_48
11595,74258dcd-a154-3650-c7f5-4c02e5ac9014.png,small_photos,1,2022_05_31-22_06_10
11609,acd511b6-c6e7-7353-1e2f-2ddca8284696.png,small_photos,0,2022_05_31-22_26_27
11620,5644a05c-b19d-84fc-1071-ce5e56b82b15.png,small_photos,1,2022_05_31-22_22_56
11658,51a9346d-2103-d5f6-2a9d-51efe87e7870.png,small_photos,0,2022_05_31-22_31_20
11701,2981b8dd-539d-20cf-b03e-82418faee3fa.png,small_photos,1,2022_05_31-20_06_57
11710,6ef03546-fb10-fbb0-dc49-2f5d7ade922d.png,small_photos,1,2022_05_31-22_35_03
11731,6e8ccab9-f7f0-858f-77d0-bedf6156de28.png,small_photos,0,2022_05_31-20_34_32
11760,1b37368c-c464-5756-14fa-6647f634857d.png,small_photos,1,2022_05_31-20_30_37
11797,27a78e37-7aee-05de-a62a-690536d27737.png,small_photos,1,2022_05_31-22_01_54
11814,71d5a590-7b71-a258-cb66-f7a85379f7be.png,small_photos,0,2022_05_31-22_27_08
11838,3ddfe4b1-9b03-e981-5703-a506ee37355d.png,small_photos,0,2022_05_31-22_28_46
11849,0ff982f4-2294-cd8f-0a8a-7fcd5b0ff749.png,small_photos,0,2022_05_31-22_14_18
11852,108732ae-035f-ec50-cc69-573f608c214a.png,small_photos,0,2022_05_31-21_59_53
11856,8bcd34db-90f5-302e-088b-a990c85c5baf.png,small_photos,1,2022_05_31-20_29_23
11870,95be4fde-a6c9-f493-2399-1671d3d7d7e7.png,small_photos,0,2022_05_31-22_34_50
11881,f6d638e7-4872-1dd5-0afa-72ca53e07a33.png,small_photos,0,2022_05_31-22_36_13
11893,3318caea-8345-2a82-cf5c-05541b3b3180.png,small_photos,0,2022_05_31-20_24_12
11895,d01c7f4a-ce63-65f7-fcff-1705532333d2.png,small_photos,0,2022_05_31-20_35_58
11896,d01c7f4a-ce63-65f7-fcff-1705532333d2.png,small_photos,1,2022_05_31-22_29_13
11902,7b87fba0-940a-f4d0-a4a1-13470f44b1a7.png,small_photos,0,2022_05_31-22_18_14
11909,abf8b412-ae6b-7a29-ea12-ca5aaa919de7.png,small_photos,0,2022_05_31-20_30_29
11924,bb7d63de-b45a-7eb2-02cb-f01d6003ad4d.png,small_photos,1,2022_05_31-21_53_01
11982,5f131df2-e01a-7b00-88e7-40365c59a420.png,small_photos,1,2022_05_31-20_33_06
11990,6b529b71-948d-86f7-a46f-7570b0788c4e.png,small_photos,0,2022_05_31-20_40_10
12009,5d053862-8d32-8d7d-c18c-e1b4468be5b9.png,small_photos,0,2022_05_31-20_25_51
12024,83e3f394-6b87-2c81-abd5-2c0e53d6dcdb.png,small_photos,0,2022_05_31-20_25_06
12047,d2e51ed6-dd32-a9dc-91bf-15a6b796678a.png,small_photos,0,2022_05_31-20_37_44
12096,00e9ab5a-bc88-c7cb-1902-ddd350c95512.png,small_photos,1,2022_05_31-22_15_04
12104,13510342-c0f4-547a-3522-296fac244d48.png,small_photos,1,2022_05_31-20_37_17
12120,8200c7d0-89f7-8a5f-88c7-f11ab3159465.png,small_photos,0,2022_05_31-22_17_06
12171,d474e870-2a21-a802-747a-338fd8d03688.png,small_photos,0,2022_05_31-20_20_50
12182,b6e1e591-34ab-dd93-24e6-97d5006b2ab8.png,small_photos,0,2022_05_31-20_31_58
12184,0d3270fc-a790-94a4-b18c-2703cb302380.png,small_photos,0,2022_05_31-20_22_19
12203,4fa4f251-922c-7f1c-1354-f0c98ace9e58.png,small_photos,1,2022_05_31-22_21_43
12217,4cd3c491-861b-0670-0bec-440dded4cae9.png,small_photos,0,2022_05_31-22_22_45
12244,41eede57-0bd9-15d1-fe3c-01dec7d388c3.png,small_photos,0,2022_05_31-22_00_34
12245,41eede57-0bd9-15d1-fe3c-01dec7d388c3.png,small_photos,0,2022_05_31-22_25_24
12266,fb406f98-0a30-7b7c-d05a-922954817e5e.png,small_photos,0,2022_05_31-20_16_20
12305,15fd720c-7ae7-f70a-8b01-9cab26975eda.png,small_photos,1,2022_05_31-20_14_38
12307,15fd720c-7ae7-f70a-8b01-9cab26975eda.png,small_photos,1,2022_05_31-22_20_15
12345,02405b53-648c-1a11-148b-580405485921.png,small_photos,0,2022_05_31-22_30_32
12423,c6fa930b-ffec-a99a-5cbf-bd3d0f45ca07.png,small_photos,0,2022_05_31-22_09_59
12429,88a1096d-3839-ca5d-2233-159b8689ca41.png,small_photos,0,2022_05_31-19_59_31
12474,f5c7e573-957c-3c94-f7e5-21013e033085.png,small_photos,0,2022_05_31-20_36_32
12484,ea065c28-5145-3239-b472-d78f3ef256d0.png,small_photos,1,2022_05_31-20_02_52
12526,773146c1-3d03-d794-b7e2-6d2b8efa3743.png,small_photos,0,2022_05_31-20_16_09
12532,8eeddf37-f520-18a2-e945-89a42e19a3d2.png,small_photos,0,2022_05_31-22_25_28
12558,f9efc460-0a8a-8a67-48a3-d7959603cde0.png,small_photos,0,2022_05_31-20_16_29
12570,70a3b71e-c0bd-74ba-dcd1-3c65f5069fcf.png,small_photos,1,2022_05_31-22_09_50
13014,09b4e61d-063b-0ce8-e4bb-1672f6eee6c6.png,small_photos,1,2022_05_31-22_13_44
13366,abf8b412-ae6b-7a29-ea12-ca5aaa919de7.png,small_photos,0,2022_05_31-22_14_45
13367,abf8b412-ae6b-7a29-ea12-ca5aaa919de7.png,small_photos,0,2022_05_31-20_26_49
13724,abf8b412-ae6b-7a29-ea12-ca5aaa919de7.png,small_photos,1,2022_05_31-21_56_47
14348,95183d32-7411-ad2a-4bf4-d5a695abb30d.png,small_photos,0,2022_05_31-22_02_53
14350,451dc8db-d202-bbe9-4ad0-bf138f09d34a.png,small_photos,0,2022_05_31-21_58_22
14498,87f23213-2a48-df46-f532-905f3db619e9.png,small_photos,0,2022_05_31-20_44_45
14625,fb9c5a25-e5d1-51fb-1218-9d2e4e70b8f3.png,small_photos,0,2022_05_31-21_56_18
15381,a60b6d60-8619-6a90-645f-b1455058f018.png,small_photos,0,2022_05_31-20_06_02
16088,038ebfe3-036f-0e12-e3d5-5b69899bf3a3.png,small_photos,0,2022_05_31-20_35_14
17128,db91e6b3-84f7-7754-084b-16b00890d3ff.png,small_photos,0,2022_05_31-20_38_01
17675,2a7bc8bd-1870-f302-192c-75d03273ed05.png,small_photos,0,2022_05_31-20_20_30
17688,2a7bc8bd-1870-f302-192c-75d03273ed05.png,small_photos,0,2022_05_31-22_27_44
17758,6c85a594-bb37-9882-5544-458faa84202a.png,small_photos,0,2022_05_31-20_22_28
18358,089f1a2a-af6a-42e2-a2fc-292ba52df73b.png,small_photos,0,2022_05_31-22_34_46
18970,42227d26-9cff-e949-8c40-d6102bb5b907.png,small_photos,1,2022_05_31-22_30_00
19278,1c734954-9794-d045-776b-770bd4dddbff.png,small_photos,1,2022_05_31-22_34_40
21109,530acacf-1627-c234-6035-c8d59a348cf0.png,small_photos,0,2022_05_31-20_04_52
21454,dfd33da5-f6ad-fd65-204e-bfc47a8dcd7d.png,small_photos,1,2022_05_31-22_26_10
22481,3a8e288a-e7c4-3667-2e14-dee7c7039589.png,small_photos,0,2022_05_31-20_07_35
23100,dde693c4-9165-f77b-4a6c-d0d267845677.png,small_photos,0,2022_05_31-20_30_23
24400,b8cce48b-ed7b-21ae-33f9-fa6201b1b53f.png,small_photos,0,2022_05_31-20_06_07
25370,7f1c0d51-8f6c-a5c5-a616-33f16045849e.png,small_photos,0,2022_05_31-21_55_24
29959,fd82c29d-2337-bff9-91f2-2e981b11aa05.png,small_photos,0,2022_05_31-22_14_28
30612,bcfcee4d-d4a4-c2e1-166a-e5de0ede6ae6.png,small_photos,1,2022_05_31-22_26_14
30930,2ffff8cc-756e-d74d-7d2a-5ecec4aa80b3.png,small_photos,0,2022_05_31-20_19_00
33113,d68ba744-e828-661a-a3b3-36b3afa4083d.png,small_photos,1,2022_05_31-20_16_52
34417,6e979268-4a68-3105-4d35-b5ccadef4967.png,small_photos,1,2022_05_31-22_26_59
36534,c3d18ec3-a2ed-d372-3b5c-77120720ec65.png,small_photos,0,2022_05_31-20_21_56
37254,8f70175f-3b4d-9614-5135-67b2679d59f4.png,small_photos,1,2022_05_31-20_28_02
38676,d72d3db7-7c9c-0a1e-6758-85435d8d4df9.png,small_photos,0,2022_05_31-20_16_16
40547,7a85b361-db0f-01ce-ddf3-c248809a7d72.png,small_photos,0,2022_05_31-20_37_34
42590,28e778a7-6e22-4669-5e6e-8f0944323b52.png,small_photos,0,2022_05_31-20_07_45
42642,6c85a594-bb37-9882-5544-458faa84202a.png,small_photos,0,2022_05_31-22_07_00
43442,9c647b44-cf8e-c2e5-2deb-99a422db9b27.png,small_photos,0,2022_05_31-22_16_32
46148,34848616-85bc-2a67-824a-bc9a6b3b52eb.png,small_photos,0,2022_05_31-20_18_15
48205,089f1a2a-af6a-42e2-a2fc-292ba52df73b.png,small_photos,0,2022_05_31-22_30_06
50841,6e979268-4a68-3105-4d35-b5ccadef4967.png,small_photos,1,2022_05_31-20_40_44
51003,6e979268-4a68-3105-4d35-b5ccadef4967.png,small_photos,1,2022_05_31-20_10_46
54894,ddb7e4b7-62dc-726b-670e-7530596782f3.png,small_photos,1,2022_05_31-20_30_03
55920,87f23213-2a48-df46-f532-905f3db619e9.png,small_photos,0,2022_05_31-20_13_38
56656,e4389e9d-1017-19b1-1903-b1ebf62395da.png,small_photos,0,2022_05_31-20_31_51
57843,41fd2df9-25f5-4418-6f8f-43d1d6fcee4a.png,small_photos,0,2022_05_31-22_18_44
59791,b7a77137-6f9f-bfe2-ba17-ac34749f7e1d.png,small_photos,0,2022_05_31-20_17_51
60688,b2a38a22-7216-57ac-c1ac-c5b066737519.png,small_photos,0,2022_05_31-22_09_06
61250,3b2223ff-62fa-3da4-57b7-8e82c9f93a4d.png,small_photos,1,2022_05_31-20_14_51
65583,df6bede7-fadf-e92f-693b-e4a3c1a36f61.png,small_photos,0,2022_05_31-21_59_58
67191,b9c141ff-7e7b-4d9b-5499-35ef5755cd3e.png,small_photos,0,2022_05_31-20_34_03
67221,86dd2ae4-aaa1-aa07-e7df-f68d4926a4f2.png,small_photos,1,2022_05_31-19_59_58
67222,6923328a-641b-1bba-1643-8ae750947716.png,small_photos,0,2022_05_31-22_13_34
67476,46ce5081-75fb-2e2d-9995-89fefb473f7b.png,small_photos,0,2022_05_31-20_41_54
67569,b9c141ff-7e7b-4d9b-5499-35ef5755cd3e.png,small_photos,0,2022_05_31-22_31_12
68432,573b0d32-a88d-6905-eb18-9d1c974e44a2.png,small_photos,0,2022_05_31-20_31_08
69609,25797cc1-1395-c158-740c-74b14305be27.png,small_photos,0,2022_05_31-22_12_24
72881,617cfe05-3896-ca21-3766-1bd458c59cad.png,small_photos,0,2022_05_31-22_02_14
74113,7bcd1914-1000-dbaa-c017-d5d757f43ac0.png,small_photos,0,2022_05_31-20_36_26
75360,fb9c5a25-e5d1-51fb-1218-9d2e4e70b8f3.png,small_photos,0,2022_05_31-22_16_10
76078,c1022c76-f4e3-0012-2a77-5f3861932b22.png,small_photos,0,2022_05_31-22_12_54
91936,698fee2a-4ffe-04fb-d219-2474a823e153.png,small_photos,0,2022_05_31-22_25_05
92005,58c6a87a-6350-6f7e-3077-a747687ae18b.png,small_photos,0,2022_05_31-22_37_09
96340,88d538f6-b1b1-9191-91f1-8c4687ec8d28.png,small_photos,0,2022_05_31-22_00_40
104188,88d538f6-b1b1-9191-91f1-8c4687ec8d28.png,small_photos,1,2022_05_31-22_02_10
116013,f3653ccd-d9cb-f7fb-afc5-b3775801ad60.png,small_photos,0,2022_05_31-20_17_21
136344,5b39b82f-e005-dd07-c56f-9d10e90cd844.png,small_photos,0,2022_05_31-20_31_36
136345,60010390-dccc-2fa8-b673-444ae59424fa.png,small_photos,0,2022_05_31-22_32_27
159479,c953f6b2-dd25-fd1c-8603-ee2d691d7e6f.png,small_photos,0,2022_05_31-20_42_53
160185,dcdf9164-0d14-d564-5e62-efd5e6ce774b.png,small_photos,0,2022_05_31-22_01_42
161458,942fda24-6b50-06fa-76b3-89a4e5dbe190.png,small_photos,1,2022_05_31-20_18_05
162248,b481d052-2ca6-3bb8-acff-f4855209fd18.png,small_photos,1,2022_05_31-21_53_35
174450,825be1f0-3b9b-6a23-e009-941008b2c480.png,small_photos,0,2022_05_31-22_13_15
174993,e3f58372-2d5a-6d5c-50a7-c28aa8b75875.png,small_photos,0,2022_05_31-21_54_50
175516,ef3297fa-ec82-a0d3-ee19-837efb5aa991.png,small_photos,1,2022_05_31-22_31_47
175517,25fd8d81-6888-7750-73ea-55ee66c042ee.png,small_photos,0,2022_05_31-21_53_11
180996,f1fad2c2-8464-a7cb-85b4-d1e09ddf6341.png,small_photos,1,2022_05_31-20_13_51
189290,9dd41293-dba4-db7a-a93b-be4ce786a3c6.png,small_photos,0,2022_05_31-22_08_17
189291,f42edef2-3aa2-444f-af83-554281935cdc.png,small_photos,1,2022_05_31-20_26_28
190666,d3804f55-ea68-b940-561d-f8bce36cbcef.png,small_photos,1,2022_05_31-22_35_27
209912,d9db0453-6603-4f09-98ad-1c2f56e21403.png,small_photos,1,2022_05_31-21_53_46
233194,ac1e7316-53db-e5c3-2259-d10a91a50fb2.png,small_photos,0,2022_05_31-20_29_06
259533,424841ea-dc77-62b2-4ca5-51ce98ed12c5.png,small_photos,0,2022_05_31-22_28_12
266389,f3653ccd-d9cb-f7fb-afc5-b3775801ad60.png,small_photos,0,2022_05_31-20_28_08
266390,f3653ccd-d9cb-f7fb-afc5-b3775801ad60.png,small_photos,0,2022_05_31-20_16_25
308704,e5fb0df6-71b6-ca90-f378-2ea5872c70b0.png,small_photos,1,2022_05_31-20_30_17
